PCA_1,PCA_2,PCA_3,PCA_4,PCA_5,PCA_6,PCA_7,PCA_8,PCA_9,PCA_10,PCA_11,PCA_12,PCA_13,PCA_14,PCA_15,PCA_16,PCA_17,PCA_18,PCA_19,PCA_20,PCA_21,PCA_22,PCA_23,PCA_24,PCA_25,PCA_26,PCA_27,PCA_28,PCA_29,PCA_30,D746,D748,D729,D715,D005,D713,D372,D252,D053,D034,D027,D001,D768,D708,D394,D380,D718,D389,D745,D004,D680,D014,D596
-0.22531225445633002,0.03897772575046848,-0.23788558375456847,0.09770161620995922,-0.03746562546838848,-0.27241779949698375,0.04035051958102575,0.08188457334593151,0.09763152451342522,-0.04681779294618299,0.08591432996549475,0.0961413967543796,-0.02737870915699983,-0.09477492887700073,0.09317419347184094,-0.0011518237702693008,-0.06770844348326084,0.06912921083124321,-0.02351800058594835,0.027387638863474097,-0.07126568501590755,0.0026191304207015455,-0.014349456992608589,0.025747296283440323,0.05503581533184035,0.024288872542288807,0.02887633010185886,-0.03215314516620642,0.09931871073059821,-0.0063466541260045195,1,1,0,1,1,5,0,2,0,0,0,1,0,0,0,0,3,0,1,2,1,7,4
0.13032161250095106,-0.09974376146143689,-0.12212401932537462,0.24144203520205074,0.35906911491937926,-0.05355223740078365,0.01216256767111401,-0.07251094963581864,0.10073348475273029,0.031247942694281862,0.03583819068303638,-0.05611846787410255,-0.0580167062119511,0.019081942216296728,-0.10294634954350723,-0.10590330820465145,-0.023608802078986184,0.025719783295208343,0.02126353650985332,0.06409185631061949,0.0030987106662911344,-0.008165754677533034,0.00637278181908497,-0.027134299124285423,-0.03444007205014082,-0.05426999505735532,-0.08435588940050875,0.057106117307041196,-0.05246855977228238,-0.021359899786842815,7,0,0,3,1,4,0,2,0,1,0,0,0,0,0,0,0,0,1,0,0,7,3
-0.15717841052600498,0.12494425084143686,0.05460585010610528,-0.020517798995364003,-0.15226030269466279,-0.049776532682075915,0.03688930525303177,-0.13750258335324794,-0.0732799578477547,0.058954086934700486,0.07735106085390724,-0.023708652430625424,-0.04630565076547572,-0.0843264215599881,0.029180891172107887,0.10985920789566578,0.1015396754935678,0.07691587589553439,-0.033414954563707716,0.02247075635333209,-0.03913716095233919,-0.05091362907808358,0.04631167858477398,-0.007369737266805459,-0.005140563825898245,-0.030150811341151714,0.06003875051797125,-0.045377768913680026,0.04078466390700528,0.010476861432114813,0,2,0,4,2,4,0,2,0,0,0,1,0,0,0,0,1,0,0,1,0,7,1
-0.2511725941228309,0.01833680070054914,0.20845788185107514,0.2510600394861518,-0.3228846444077423,0.13844567602555152,0.043266975771554146,-0.1039086133285992,0.02812991066242431,-0.030662986839821705,-0.005319782432936078,-0.13601120772041983,-0.10707326957498423,-0.013881767560281998,-0.17524624671792327,0.0247252105301366,-0.01920531260986019,-0.03734710376870722,0.08008615283567097,0.020282224801282576,0.05784489530470001,0.003961609494325459,-0.036144307846388286,-0.022441233193444106,-0.04606073113197123,-0.04244260365908657,-0.0396327305636877,0.002093262344627063,0.16254499942977577,-0.021697893524714663,9,2,0,12,1,7,0,2,0,0,2,0,0,0,0,0,0,0,0,1,0,16,1
-0.1857833657630534,0.23043903366297605,-0.2116161553328376,0.059132338871451015,-0.03489843200358892,-0.2552197913587154,0.1778763215556163,0.09758660627936463,-0.1232785581203167,0.19188863386629004,-0.03734520878279827,0.04181834766534541,0.07259945835290317,-0.013280263437100828,0.14345966843615532,-0.0043101699701834,-0.04112266323795685,0.10509869746533111,0.04249555156949688,0.004068314225868799,0.005827625791731947,-0.06942436088722068,-0.03436393147395825,0.02616645845777348,-0.06956404491252616,-0.008719582907175685,-0.019273313220215506,-0.003585399184008439,0.04095220919137658,0.0008498273442091528,0,3,3,2,2,3,0,2,0,0,0,1,0,0,0,0,1,0,0,0,1,9,2
0.22397075394870275,0.177479464262415,-0.26866811883216046,0.019744966931395293,-0.15012360425390306,-0.13435447834160932,0.3981835797015255,-0.16932863147218027,0.10763139726967312,-0.10579572162117303,0.007871615084933963,-0.06476622540537494,0.017005960685561254,0.10921957157463753,-0.020590091506181695,-0.09074957975128232,0.019328239683163197,-0.09894088801284588,0.00029475309567621416,-0.1133466171365622,-0.08491858907368391,0.044317078122468434,-0.0550488929061012,-0.07008154365064723,-0.08600867451990288,0.004992121184582428,0.022347454967020557,0.069678389057985,-0.029826935734183067,0.0701078977745178,0,0,3,0,1,3,0,2,0,0,0,0,0,0,0,0,3,0,1,0,0,6,3
-0.40061399911284773,-0.06497841434988806,-0.2694581945660325,-0.17907727422318626,0.029567934859855968,0.026334738602692538,-0.12058662537042573,-0.05185137249228496,0.0631068892277424,-0.015165503163111285,0.13628533173042306,0.08194634977811828,0.040158156426162606,-0.02506130968656171,0.08769195391321051,0.10510644951735858,0.03685903099582384,-0.02874062477450365,-0.043029718211467546,-0.012035286285106866,-0.10715111494548135,-0.01771415879851784,0.024880784652125645,0.004321407650893887,0.05644674374061125,0.010942299510418512,0.014611251488241096,0.026165536728425122,-0.06962922097299128,-0.03957394099852929,0,0,2,0,1,5,0,2,0,1,0,1,0,0,0,0,1,0,2,2,0,5,1
-0.32838063752885954,0.06720259307790019,-0.11123607528644985,-0.30475433401616936,-0.09517134219921237,0.16226624911512383,-0.06944919570423119,0.0461971193539576,0.056534840625350094,0.21688590112839906,-0.0014630254523656213,-0.00980703499134186,0.009039171467902318,-0.0812046513238937,0.012534022324717238,0.0815390678385141,0.0035141296659261002,-0.02557026650024869,-0.027584725971920545,0.025478985898545553,0.059830307569203434,-0.04712380420535874,0.011122977002895147,0.08462607755305765,0.031162047372533155,-0.0002837956866975546,0.08842003182947486,-0.010665846170921587,0.009417517288878399,0.0842765609508826,0,0,0,0,2,1,0,2,0,1,0,2,0,3,0,0,0,0,0,1,0,9,0
-0.14715810985025587,0.22230874125859226,0.34724438392763246,-0.17371933662631078,-9.650437347351673e-05,-0.206053768073459,0.09405440211855895,0.027029358506872044,-0.07318937849353863,0.04108485384071346,-0.016946843305796946,-0.018898486358964184,-0.13467601243789346,0.09234020569260215,0.08089095636872216,0.11863431791158265,-0.1898800646602959,0.1660584645975034,0.0017498762562601902,0.0492295290320547,-0.024221184262765413,0.05576016870446325,-0.03844210842174568,-0.06078868711581001,-0.0781026559009371,-0.040033819573661825,0.0031823938038810624,-0.03006677131663623,0.06897073822869206,0.09235979648794074,6,4,0,9,4,3,0,2,0,0,0,1,0,0,0,0,0,0,0,0,0,4,0
-0.20568536692856995,-0.11702352534664903,0.12000765387035137,-0.1200465742404336,0.04140888344658306,-0.20393236707873727,0.16045057075308078,-0.05956556306775585,-0.23560285462685412,0.03668903022419701,0.003561989266123862,0.04104356784861747,-0.0691202431620883,0.07062511944257137,0.13343866277698124,0.07917051504837148,-0.03684543639360139,0.07761919322672596,0.06524947454995732,0.11314291328059425,-0.11186161089145227,0.023213108164760275,-0.02970767880540403,0.04072100412272756,0.012664175823977022,0.14275319062862069,0.0450052176551318,-0.03751493255680967,-0.01700880021077254,0.01888393571604352,0,3,2,2,4,4,0,2,0,0,0,1,0,0,0,0,1,0,0,1,1,3,1
-0.16875708835373363,0.3620989049367305,-0.04382565248664433,-0.11538603472737359,-0.06765340562258741,0.09493906814602622,0.11137835070750059,-0.010228218723328374,0.16201843535179314,0.2266278267896145,0.03265325381395846,-0.05666743908447679,-0.009537781315176743,-0.018591115682259646,-0.07235492487793117,-0.07779519532530722,-0.06118328770472161,-0.011013576726810227,0.04959361028092708,0.0461469535097344,0.07981207942323884,-0.03575644295331629,0.030018651139319633,0.030316053212756572,-0.02104604530915132,-0.014031712958806552,0.09229513947850608,0.07248248745634073,-0.06332770271694117,-0.007265934379045866,0,1,0,0,2,2,0,2,0,0,0,2,0,0,0,0,0,0,0,0,1,10,1
0.4126407155872477,-0.299366083254568,-0.009390314246978834,0.025975228931999123,-0.1252957146649554,-0.10580572287210584,-0.1057491452656835,0.04511103039225505,-0.07565063542506782,0.11523229427676245,0.1889325550380573,-0.1829566044891231,0.03945712574789928,0.034463389835180686,0.05642000153152689,-0.031116770715427233,-0.022375767310754437,-0.009786919641158926,-0.14613914902662628,0.03886532276493462,0.0993365258490856,0.08458805652848012,0.05376341982410137,0.01652533016862739,0.107318300779419,-0.05629871611454555,-0.08039615984567733,-0.023538787080826268,-0.05517296935662033,0.014325159723051619,0,0,0,0,0,4,0,2,0,1,0,0,0,0,0,0,0,0,0,0,0,7,1
-0.10597723489297936,0.36323561939517673,-0.13816438069024017,0.06747337965859426,0.0005584306207176027,-0.16867157693137552,0.1743838352781861,-0.23495599630167102,-0.03770635454270884,-0.013560091987663801,0.07648055721156377,-0.0027445629633704397,0.08358662427001459,0.031549671008346096,-0.08971982783253622,0.029613144886093137,0.042471029565707585,0.13242780720187144,0.05441320331127099,-0.012164730853008558,0.07762363768502024,-0.005534978394982288,-0.023412038270290342,0.03638174052733079,0.015235093032548427,-0.006435585350782197,0.07604474115286003,-0.019968143459563915,-0.01213464911999747,-0.016959875600427714,0,3,0,2,2,3,0,2,0,0,0,1,0,0,0,0,1,0,0,0,0,6,2
-0.26462136263772995,-0.22139005962813108,0.1154499557554142,0.03259503666138015,0.12835936598372424,-0.2979000501408506,0.05348313020440566,-0.06542991253426636,-0.20959697210010847,-0.05076464909232278,-0.04500484870137576,0.06466564913153912,-0.05899262932404909,0.08630709587351829,0.0899451103641033,0.06562196625843078,-0.10592952639090761,-0.04665148117933142,0.07048673222977739,0.09904689868084764,-0.10431887030162146,0.056831741001703164,0.04101327075877286,-0.006111106157870907,0.08186027234624277,0.20024177633772053,0.0507902541090674,-0.01492382267671968,0.02202813401632561,-0.01662795933812238,0,4,0,4,4,5,0,2,0,0,0,1,0,0,0,0,2,0,0,1,2,4,2
-0.2133368110385294,0.265532245252014,-0.23909097404458685,0.08282343490946796,0.2098662456259495,-0.1450478657008506,-0.04527475859293433,-0.19026306437174956,-0.016344186610761934,0.20307373463042683,0.055667118149352275,0.05045383525804457,0.04246320655489439,-0.013071043970379224,-0.08767001221972956,-0.04217646994908054,-0.011472553587894873,0.03347368766087408,0.037934192158339736,-0.0007339845489825209,0.04653180212271183,-0.01880725525632295,-0.02439695060280626,0.02834986183027669,0.029652084980827564,-0.006175601900620739,-0.005384113139345788,0.02432981190236694,-0.0677127463967993,-0.04474349086866326,0,2,4,1,2,1,0,2,0,0,0,1,0,1,0,0,2,0,0,0,0,8,2
-0.024494978599795905,0.2460635009401075,-0.30312921772839124,0.19360552488256094,0.15321548430596119,-0.19340991119892997,-0.05717831676274948,0.1383636193765793,0.015341980164445532,0.10979568632604844,0.08512961344878685,0.2221680013776699,-0.048555335506005395,0.030880771205034498,-0.07138978185563255,0.008212091059081418,0.07178813008865705,0.10645418010830494,-0.04372624975878695,-0.009840868913189594,-0.025896542926421396,0.065070282792809,-0.052638293309560706,-0.023870945246182305,-0.05755650482897471,-0.010123984362477096,-0.010278751820108461,-0.09738590527845789,0.08033747967055234,0.02971034293041801,1,3,0,4,1,2,0,2,0,1,0,0,0,0,0,0,0,0,1,1,0,4,1
0.07991771127999725,-0.10145915915677267,0.09815455955957735,-0.019962812288607808,0.24764873159501105,-0.11484781123959092,0.024414524089236125,-0.02006008303620952,0.053096811778772283,0.06669624854725556,0.11200270663618066,-0.04313204240375169,-0.10154328059633162,-0.281168874315765,0.18213436963458354,0.10320508270446765,0.12419339734240253,0.058804864584336244,0.43182983326767566,-0.2429927063114426,0.1369222931434374,0.28460205757290613,0.09914810116626453,0.02521073124427553,0.03934787069150104,0.04595400753923807,-0.050824667350441895,0.031260340332744094,-0.014689785732735813,0.03468638412276948,0,3,1,3,2,2,0,2,0,1,0,1,0,0,0,0,1,0,0,1,0,1,1
0.11260142374499872,-0.1716046005240001,0.06402907275851555,-0.028443054489524708,0.11067348134131676,0.056381055288700264,0.04507907431680418,-0.02160081192050121,-0.014500281237822784,0.13293713783244496,0.0895367897675841,-0.04015147662228856,-0.14645706902943828,-0.2933891704462829,0.1929141391251691,0.07467586456681635,0.17516990017616907,0.05871540034024069,0.38221587694892817,-0.20422994646194426,0.09910917861783941,0.2685224990364336,0.13614675628277462,0.041963036959018055,-0.011981656208628379,0.07398929209808985,-0.024903883256694088,0.034577818543381815,0.007668811360754955,0.04451140144458211,0,2,0,1,2,4,0,2,0,0,0,2,0,1,0,0,0,0,0,0,0,5,0
-0.36064345902796974,0.26471814045653647,0.19119619393911633,-0.01918623367150453,-0.1392270165247711,-0.023324077202682904,-0.09062140486841881,-0.1306580367676864,-0.04987221668632675,0.010746620356051166,0.005290188171059783,-0.17263282839444882,-0.024794800135340408,-0.029088208259474668,-0.04261032374211141,0.04164455958992721,0.1259030032887965,0.04251536321849808,-0.014939009417717891,0.0008864632370294504,-0.05957804853243866,-0.025005546508913856,0.044972634477796036,-0.02306630841591263,0.0198426198458822,0.028831162785074062,0.022696141671849766,0.02515416604360774,-0.020047857813317277,-0.011418117877189216,0,2,0,2,3,4,0,2,0,0,0,2,0,0,0,0,2,0,0,0,0,8,2
0.278151818611804,-0.010647231175511352,-0.2489208341029859,-0.1107298968032551,-0.2540603484202174,-0.08710410107249092,0.014931805223536904,0.05660774015096237,0.009395108536928782,-0.008324060827291754,-0.20877716807271146,-0.08499832185720825,0.016422590160060993,-0.012595069481872518,-0.020978229110549175,0.03805899095395808,-0.17435480895448416,-0.2166997943435844,0.0199106919217584,-0.17548816293045094,-0.16082620304613449,0.10268975781230914,-0.032209216611980535,0.027445040680851244,0.023554305880159353,-0.12230304778325929,0.03119128702510506,-0.003005644658493059,0.031038280732478475,0.006264382209969797,0,0,0,0,1,5,0,2,0,0,0,0,0,0,0,0,3,0,1,1,0,3,3
-0.21517275232435296,0.16008961612748773,-0.026373037118223742,0.24194094330073446,-0.30320045862164857,0.03610266127703222,0.037568233502880494,-0.22131602049746377,0.08987611798208288,0.052602419137779924,0.04948504354101593,-0.052640976509266316,-0.01064051173243864,0.05327551613196556,-0.05453995187923909,0.09533641753411125,0.08032418097540264,0.1416899631550142,0.006610960750634073,-0.08479741953564472,0.019528722750636263,-0.06711738582539839,0.12829552775549183,-0.08670799229063242,-0.056420957662518666,-0.06402746339033198,0.01531054411173283,-0.039942711890704495,0.09347250163721135,-0.014618632341528338,0,4,0,0,1,5,0,2,0,0,0,1,0,0,0,0,0,0,0,0,1,17,4
0.13349590391469884,0.42555344163016073,-0.06799538053748183,0.3040140946002276,0.0817929494044449,-0.10118658369484158,0.08975528208954611,-0.01881143176323747,-0.041689267450754734,0.07896028651605554,-0.11358003826193593,0.044162298727174115,0.1505035901304756,0.044270944716381384,-0.070776097433111,-0.08046279826611971,0.02805211758595598,-0.055386051569454205,0.03784902520613433,0.01343982730957521,0.1594678272838589,0.01973386669597703,0.03577943361985489,-0.006575956890626816,0.0009937082951019232,-0.04428403148914781,0.017036388279582038,-0.11586209023852428,0.00936274692294819,0.037385828166372766,0,3,0,0,1,2,0,2,0,0,0,1,0,0,0,0,0,0,0,0,0,8,3
-0.27304229843226635,0.20995508855672826,0.1817288751350128,-0.1191858150137568,-0.06825195212897588,-0.28463079456736984,0.05151224455723713,-0.039098621175540006,0.08337046918704309,-0.028085508379169115,0.041327118318944894,0.010125560451752506,-0.1330565227793884,0.07745757573225673,0.0630300352346357,0.09957531357313898,-0.1384917949542226,0.08126035586911982,0.009826776775122663,0.02980107676656823,0.02474928557566968,0.04377788306907603,-0.0038893121082621595,-0.09533389738836559,0.028521693673732612,-0.040782466416203825,0.04240632882490772,-0.05993256542040284,0.09949390048187405,0.02966701232551034,5,1,0,6,4,4,0,2,0,0,0,1,0,0,0,0,0,0,0,0,0,2,0
0.07517092515691998,-0.16805718990891422,-0.17179234507954402,0.47520567775755707,0.21624553959716586,-0.12388523447607463,-0.04706122319337583,0.08390945485799997,-0.06059634214800967,-0.13008297430234492,0.05778139443016464,0.030610688617266464,-0.14816224336801048,-0.09312603506709041,-0.11871178655590986,0.0840795088759569,-0.05412153509685538,0.04204286809616741,-0.03540141555405093,0.10324614771285277,-0.10619479448188622,-0.02091731129961453,0.03161991405777989,0.0720449126287436,0.06419188780812934,-0.0595497002530109,0.19576229424295186,0.014873390145029473,0.09977988906882794,0.14986179336639796,6,0,1,3,1,5,0,2,0,0,0,0,0,0,0,0,0,0,1,0,0,7,2
-0.42624813789458293,0.040058418136825064,0.04430421834799022,-0.008109489428416683,-0.15475460880208766,-0.049125397908164524,-0.032717522981523854,-0.19815703360377565,0.061234627293585434,-0.14932319815587303,0.052092154075171426,-0.11340179250070506,-0.020278726644079648,0.0172621103761387,-0.06790981400242636,-0.012009417560598899,0.05177571840800045,-0.0016747291053631334,0.038926264532737884,-0.03582340596676196,-0.06424036593337608,0.0002624875820625202,0.034794831698857345,-0.05567091641799031,0.12172862362027462,0.017724126239815303,-0.003251972997789492,0.03732745836125331,0.013687358986835034,-0.03860702252982245,0,2,1,0,3,4,0,2,0,0,0,2,0,0,0,0,1,0,1,0,0,11,3
0.14164291884156133,-0.17026211504548622,-0.13558600635689214,0.40263826047684864,0.19646241898939568,-0.10304615586460833,0.022790771668134986,0.12635284753101766,-0.014248794007959212,-0.10758269229694567,0.05286754582260465,-0.006807749918025531,-0.13355025727274952,-0.0741973310632218,-0.11519724451205683,0.07571917462405157,-0.055837622302623326,-0.0336895357472327,-0.014658390401249567,0.0699311031530604,-0.12719524480826927,0.0028732855798753905,0.0025380782335201893,0.056286699467341085,0.002386957576024875,-0.11053568505417778,0.17895535346168823,-0.02015200797214798,0.06913647111663009,0.12707729312599556,6,0,0,4,1,5,0,2,0,0,0,0,0,0,0,0,0,0,1,0,0,6,2
0.37049921855257745,-0.28067829742696904,0.11913630479052938,0.057359642323306696,-0.036414928759115464,-0.014866540444998319,-0.08860937317445251,0.01808775641810772,-0.022943690931941197,0.036091089632274295,0.25304182329178304,-0.119320297325315,0.022830854701680118,0.04537320093764167,0.04543680904314721,-0.020113953939001786,-0.025178358653474318,-0.062422246475068915,-0.008728583676559872,-0.0013820571059646215,0.03112791669056451,-0.05829368412838927,0.026713291719613917,0.031983855833844096,0.013927830754290941,-0.00805417427113601,-0.0013449791945133157,-0.054295530887284456,0.04678868608822016,0.031297220962678646,0,0,0,0,1,6,0,2,0,0,0,0,0,0,0,0,0,0,0,0,0,6,0
0.3363000843888283,-0.1635273281002774,-0.14748514811732352,-0.062208536523898315,-0.2076786291077896,-0.14809596333751576,-0.08341986419197486,0.06842972765653822,-0.05778990475983666,0.0787782016537613,-0.16763065181620887,-0.10171823830045333,0.02764340818235493,-0.08561221221289997,0.08361912061361076,-0.025232564686598603,-0.10334737741822604,-0.16504217625993822,-0.06868225914822904,-0.038116950950206174,-0.08613769064367328,0.13690633229779703,-0.004581197353597778,-0.01662405826899951,0.08323928420596428,-0.19564235482949632,-0.04539286491670429,0.06840374188042875,-0.02855880666758391,-0.04426352253112534,0,0,0,0,1,5,0,2,0,0,0,0,0,0,0,0,2,0,1,1,0,2,2
-0.16573880367479765,-0.32893330565831985,-0.015388814589141857,0.003521465743185131,0.01645587153637283,0.07325751211710896,0.008867286448657528,-0.0707422735302786,-0.07203342771117965,0.027316944189403353,0.04433191533677415,0.14144995826307735,0.09612374827297974,-0.14043983482456324,0.05387427564432787,-0.012304207293786583,-0.05392656257614483,-0.028735004798171305,-0.033638791411991414,0.02314578658803942,0.046535352598591685,-0.008199649464737658,-0.02275902920563621,-0.006136780776491192,0.002733384590548015,0.033673557372099205,0.0357785328627453,-0.028978928541179214,-0.013676105857729336,-0.013941228896863977,0,0,1,0,1,8,0,2,0,2,0,0,0,0,0,0,1,0,1,1,0,8,1
-0.1706079662861859,-0.2212377972450093,-0.19178327337252835,0.2734703544042437,-0.20466308294541238,0.11458885860794057,0.22368576696936035,-0.03575106459964851,-0.10585086630352525,-0.12089963004169103,-0.010038463504586863,-0.03454157486273464,-0.003734619919800869,-0.03269155246954819,0.03559242853288754,-0.11779891713315241,-0.19712401767007806,0.19731898683548782,0.08605087537221501,-0.011858949961643085,0.03994530732375732,-0.00979482398558727,-0.06587426315134662,0.06921286199745948,-0.005851882626312798,-0.01845137379383869,0.03364301747761068,-0.03137030087570058,-0.014285112419791605,-0.03286888425661351,0,0,1,0,1,10,0,2,0,0,0,0,0,0,0,0,0,0,0,0,0,15,1
0.015058391824517856,-0.4500529545807623,0.3746986636958987,-0.044119114078001856,0.06668067846453286,-0.1875915743082491,0.17533491858837416,0.009710062704338562,-0.04159088897958728,0.077574043043835,-0.11291319512871577,0.23595475401603355,-0.17672598168951167,0.2687580307511053,-0.015012316545235601,-0.030905343746438777,0.03738047144890949,-0.04727269555894732,-0.04977732673806349,-0.09225615981302343,0.028047695368161898,-0.04270709291974013,0.15379222984066931,0.24758770783622572,0.018201442147759754,-0.06446276050781298,0.024132262631288086,0.034489919288764714,-0.07381861595924635,-0.08865093846952633,0,5,1,4,5,10,0,2,0,0,0,2,0,0,0,0,1,0,0,3,0,8,2
0.16419022300749314,0.44890218818817634,-0.04207641084539907,-0.016504247185146814,-0.1829814234731139,0.03515867210516743,0.26912624212474684,0.1490939051933462,-0.13531209618624693,0.057076027221262024,-0.021163602234951243,0.08252784053374639,0.06617137856665772,0.03084230671255241,0.026812031236301936,-0.06690476926263979,0.01985473677682643,0.021924902289891062,0.03128520845220079,0.0182243500093281,-0.05844664751006148,0.04499182124009121,0.002949833014485998,-0.025968841417913998,-0.026615028722797703,-0.012448821644467143,0.02787481613931481,0.10496193162150483,0.026868436210599228,0.04795527683005049,6,1,2,5,2,2,0,2,0,0,0,0,0,0,0,0,0,0,0,0,0,3,1
-0.2206610115552975,0.3546414805064436,0.19243006679765332,-0.10558000183321735,-0.13290157287402643,-0.03591258201090092,0.128555149641599,0.03486484720630012,0.18822441421111683,0.023290550401368064,0.1272299618478389,-0.07971315927770584,0.0003560176931936103,-0.06748939985732527,-0.11681997777718744,0.06437572913101249,0.012466236658363552,0.06935903569642388,0.01739948843989479,0.05731519121736907,0.056192568105943155,-0.027046082886155204,-0.028021728396458917,0.05088333904778751,-0.048166133128295395,-0.0798007631671022,0.07046180847631796,0.11232469768646343,-0.02935667611941372,-0.009995312444675813,1,1,0,4,3,3,0,2,0,0,0,2,0,0,0,0,0,0,0,0,0,8,1
-0.34997982174371295,-0.3499274274955856,0.009859313966629918,0.10810569764755826,-0.05227061204353598,0.14293170310847222,-0.024609828465801026,-0.16626140288250194,-0.029030179142987507,-0.07561102906399042,-0.04516905661264341,0.05860156273066015,0.1222931608629092,-0.026003643662002796,-0.06284011044688324,-0.21345232950507198,-0.10921230971344557,0.038096989597325125,0.021322611742190016,-0.06683048642543273,0.04236401419029252,0.057856943734032204,-0.033343636661893536,-0.03347979441316615,0.09999312219173548,0.0970893399235816,0.06427702656365747,0.07078981048765755,5.061650523194988e-05,-0.009649350868715493,3,2,0,2,2,6,0,2,0,0,0,1,0,2,0,0,1,0,0,0,0,16,4
0.11604067259819807,0.021851169654241602,0.045819926383364365,0.5000116946167407,-0.1595882163838447,0.13385397408172664,0.03324728137808369,-0.15715965497783604,0.13074645219211742,-0.009648183482038743,-0.08918956499818963,-0.1491815073489519,-0.03353530901255168,0.14296720471078478,0.019675610002390514,0.0869801264579526,-0.06893410717510982,-0.027134856354113307,0.17131939469292234,0.02479161171167352,0.02226513380080168,-0.10089740299859015,-0.051270554426102996,0.05495041755686329,0.19149895981187176,-0.057964287650674934,-0.0029836490017926213,-0.08688393416898786,-0.08910797917830401,0.10568556832866856,0,0,0,2,0,6,0,2,0,0,0,0,0,0,0,0,6,0,0,0,0,17,6
-0.2535856504030199,-0.3214738868889691,0.10444950692962363,-0.10133862751724693,0.13241843615615706,0.15944679813299062,-0.04481102136562289,0.05538176657853695,0.08454376880924823,-0.07487383397917192,-0.032103326268295006,-0.04580385939013366,0.3176213794153426,0.03629533379548912,0.016948664402413167,-0.04982529973878202,0.22071319806897827,0.008921294487758387,0.004563732069698446,0.005047570672984064,0.07922446694575783,-0.02060330072855174,-0.06639913437031858,-0.09249197612824675,-0.05015277005034614,-0.1061632632655811,0.030344483570893657,0.06288641314542831,-0.0525108724145688,0.04441813206399814,0,1,0,1,2,4,0,2,0,2,0,2,0,0,0,0,3,0,0,0,1,14,3
-0.4340205861980965,-0.019141019225338708,-0.026094346517027234,-0.08131704482413812,-0.11034046942884718,0.04073897761080264,-0.0814163485156473,-0.2271919506707265,0.0255759666647932,0.02990097695518885,0.06164554931608309,-0.04293199449868305,0.03412803304962152,-0.06965638613686456,-0.10763475192576583,0.07362577335870335,0.013664320918572065,-0.16129292795807157,0.009173192794914995,-0.08141308688940595,0.03872508793445703,-0.05952654182196429,0.05682393458690776,-0.05726948568468773,0.03194976050736306,-0.09121108731010782,-0.025622517358846283,0.06797823540299157,0.03236115572716346,0.029332131398940864,3,0,1,0,2,3,0,2,0,0,0,2,0,0,0,0,0,0,0,0,0,11,2
0.22353793251398812,-0.2531130249726771,0.032016094170070925,0.08256210227126204,-0.07838049946962575,0.017891250787030848,0.10372933309325562,0.01990823758666336,-0.01151668023374516,-0.03668123153311948,0.18911772453153788,-0.0653897351762935,-0.06962329658500246,-0.03644060777312376,0.05376011201875304,0.010097249758801632,-0.015606906993421722,0.010383455940561656,-0.10600726874266943,-0.011830105427201807,0.030805454910860106,0.06479432042967845,-0.05641631949157024,0.009853562204834597,0.0501089930345404,-0.0807323962062914,0.016110831444576264,-0.07065551015861579,0.018188259439374695,-0.07464903171221496,0,0,0,0,0,4,0,2,0,0,0,0,0,0,0,0,0,0,0,2,0,6,0
0.3015152812430887,-0.3006745933610082,0.15919711369800044,0.06134339496594008,0.11323380188400758,0.0010954576656964626,0.05011379386440539,0.00808975724962449,0.026025840857799715,0.027723838103350273,0.017198991792178528,0.0005452490010602537,-0.08957475957411302,-0.042862839235687934,0.07744027022498758,0.020659933928987954,0.05967272098203713,-0.007581560533690039,-0.05200269793855607,-0.032738144121390436,0.01597984349805244,-0.10551960575650177,0.0206210097661089,0.06278402841753732,-0.024899232767171934,-0.06605239734300303,0.09779583221369927,0.019129840299146363,-0.014216726737180503,-0.07029999596827541,4,4,7,4,4,1,0,2,0,2,0,4,0,0,0,0,0,0,0,2,0,20,4
0.12162767287237605,-0.178846070712183,0.05164338120340713,-0.028913539229738622,0.14397494458258897,0.0449616144380457,0.04643651560774099,-0.09349463744911274,0.02774008489145065,0.07927333512138628,0.12669752162707784,-0.04385190313679987,-0.17007636834103576,-0.2667700478299364,0.19425693456769108,0.017452434754155356,0.15185684467276922,0.035669118674444604,0.36557311591001856,-0.16884845086661254,0.06289565051987189,0.2626587052615426,0.10905069193706082,0.028140606124584095,0.02882256336094971,0.05037776850701737,0.006033514163331722,0.04416192122149054,0.00017682085960577226,0.012320783398446594,0,0,0,0,2,4,0,2,0,0,0,2,0,2,0,0,0,0,0,0,0,3,0
0.18769789080836619,-0.31502375312328573,0.024473385813813413,0.05947485759422436,0.25859766427867303,0.0850474438401796,-0.07114551011374586,0.06552139373967213,0.07996039065997355,-0.0407665412611777,-0.03748505673103323,-0.06701795559371301,0.0934074555078716,-0.018899836443322836,0.10464899008634766,0.02255580381832418,0.07482488924521195,0.04991645147378787,-0.05300204423647197,0.019818747903273908,-0.010114245690904867,-0.05808141755320648,-0.010932024487912115,-0.00952610801721886,-0.028911465234395153,-0.0025509106284579506,0.001947150640567009,0.0937463185356311,-0.0059193385964155165,0.006835482268855336,0,0,0,0,1,6,0,2,0,0,0,1,0,3,0,62,0,0,0,0,0,11,2
-0.24111850668192772,-0.04330342622963215,0.4900627034056522,-0.07157401878140937,0.07861769674066871,-0.28895129164944994,-0.01982250675180755,-0.051776987015935125,-0.10376909457179996,0.12921783385574018,-0.12401083002382599,-0.07151846550921492,-0.12468152913968739,0.11699118376011257,0.01896670382696591,0.0502264868152015,-0.13357209424452562,0.12654459969983683,-0.03856485660256845,-0.03938353364212393,-0.05940464301556091,0.04907291802428801,-0.0924504133438678,0.0077403364368537515,-0.00925435671874748,0.07780888714717918,0.011784495711948279,0.03580096930815109,0.016908257985309056,0.051497780955774446,9,3,0,8,4,3,0,2,0,0,0,1,0,0,0,0,2,0,0,1,0,8,4
-0.38173724184768776,-0.009013269033935987,0.22626619441878035,-0.15779920218951543,-0.07007478058744919,-0.19174705210034934,0.12974792950742706,0.04449035796792472,0.23979646911322866,0.0018141046186252946,0.11581424238573056,-0.052373854774101614,0.029183472999173336,-0.08736243074478979,-0.1730346066589893,0.037538670425393356,0.009728426470748489,0.05954479814366742,0.047049689229277034,0.09648214620840245,-0.057646447567229496,0.019442311453243454,-0.030823940124785287,0.036783806962589274,0.07061606711895757,-0.10710599478335263,-0.009180429246769324,0.0016114940478691685,-0.004129018052612024,0.04030233367037146,5,2,0,7,2,3,0,2,0,0,0,2,1,0,0,0,0,0,0,3,0,8,1
-0.23868121247205445,0.06030669729539382,0.020353298220126798,0.023054451267696424,-0.1361031989553501,-0.040571016943793566,0.05176219294812057,-0.029980420764967406,-0.15602121882675488,0.09658776637320159,0.007054890112444617,-0.043992009176768654,-0.02828250903587702,-0.10602514466286014,0.05025569635214261,0.04106523642461449,0.0438420120945342,0.023628128321743998,0.004193889815574488,0.05557169008315706,-0.026704631023066958,-0.042431813624443454,0.006672674943714752,0.023939793459648955,-0.023447113160756018,0.04327412163761826,0.036388747593474435,-0.0330730217710667,0.039242541362266764,0.03361050655565861,0,2,0,3,2,5,0,2,0,0,0,1,0,0,0,0,2,0,0,1,0,7,2
0.2564361851963301,-0.11206845967613616,-0.03785111965789173,0.051657082481073535,-0.003074716233331107,0.16060177058838157,0.07494081524170952,-0.03819497277449306,0.07121506367330367,0.2136554430935695,0.051069341183772,0.08428688418941543,-0.23030533601462336,-0.010658585332156474,0.04779571806842151,-0.10576763101618519,0.01313556314103499,0.10328807640845651,-0.06079842913078082,0.1455806449714944,-0.007823399748278021,0.027363129052905714,0.010470251330154976,-0.10809624022550603,0.011486738399798253,0.07894541734804982,0.0362342758370984,-0.07404119386050513,0.019380983206081087,0.014422187822861747,0,0,0,1,1,3,0,2,0,0,0,0,0,0,0,0,0,8,0,0,0,7,0
-0.19238748988001625,-0.00803925534103281,-0.3416911600723007,0.10495259527066406,-0.13407525500192952,-0.1701930168617164,0.17226685953432608,0.08702497989289068,-0.16187636932696725,0.04903723135077595,0.09293806306008803,0.0999254150978153,-0.06719456719537749,-0.14881574960403982,0.13543972906228632,0.04920539162663201,-0.029496340342156476,-0.04367590265272682,-0.05565381758876103,0.06987573313008429,-0.1358267691230268,0.016422901333737007,0.010979625903523041,0.08142393923032883,-0.059913371437091516,-0.047548260405873094,0.022805409341537658,-0.028278129717394337,0.04295346468879734,-0.006897550048040901,0,1,0,2,1,5,0,2,0,0,0,0,0,0,0,0,0,0,0,2,0,3,0
-0.3118618105101184,-0.0466432603928408,0.3483401347096705,0.07823487675417667,-0.23686685861473644,-0.015093418199216778,0.02057668103248258,-0.12430693033750846,-0.16344750891066304,0.07019216693739805,-0.06215938211123087,-0.04168269492606341,-0.15614044010139627,0.07189769114593379,-0.05288989036598778,0.05854796692085004,-0.0375965751372028,0.04745424781480864,0.019125500591888382,-0.047951089787775805,0.04656418899477104,-0.023371384087367213,-0.052923579143804196,-0.07412566024247283,-0.11319901224921979,-0.0024650667986821154,-0.12926600109840128,0.0363245338692254,0.20038372323319192,0.00796725123728221,9,3,3,6,3,5,0,2,0,0,0,0,0,0,0,0,0,0,0,0,0,12,4
-0.0013163049146260293,0.048673165075374836,-0.288297688903061,-0.10109553559073979,0.1736922227354707,0.09063156346513099,-0.020566557386576798,-0.022045157501622406,0.26456653019592846,0.3713967245418607,-0.04052737326203608,0.047242941265089114,-0.09271761790257482,0.014635106077463496,-0.09350977408122613,-0.12121121420212844,-0.1475883533533566,0.019637364023025534,-0.018004379784964487,0.08091471214032094,0.048529303699941816,0.04935420424150528,0.08983988613564123,-0.04934601017741525,-0.033464290616271986,0.05179631526283068,-0.018848749398470477,-0.054099640946534494,0.03648430395705087,0.004824023831078245,3,2,0,5,2,2,18,2,2,0,0,1,0,2,0,0,1,0,0,0,0,7,1
-0.2382934847883655,-0.23736931161641395,-0.21731836899219573,-0.2611994187758559,0.2159018906850297,0.1381172168431333,-0.04281215010519533,-0.07978757229997832,0.015573131375525524,-0.011150727319044824,-0.033287705396786084,-0.0363554642738536,0.33477146449764195,0.04770110528665324,0.20283008725725304,0.08213453699071463,0.08992321192412815,0.03355225487961665,-0.029714782304908677,0.00024105867803726581,-0.0976109566412007,0.015366042344342131,0.0016199152884326627,0.040197619796792323,-0.05206523215057484,-0.03073395417976026,0.010275279706214484,-0.007979967480429085,0.020701006497122296,-0.014890026859104413,0,0,4,0,2,4,0,2,0,2,0,0,0,0,0,0,1,0,0,1,0,3,1
-0.3815549980179399,-0.3888299804812352,0.0929350557422261,-0.048264888393571785,-0.07820000088898993,-0.0005494743245080848,0.07830601258754921,0.11502935295958094,-0.026702249642993295,0.04474535802660451,-0.0069896892820574055,0.25471042066533145,0.06310235961501375,0.04841112687321762,0.11505718454275686,-0.03168163037539505,-0.08633959971161292,-0.006634217122204405,-0.006561989652123915,-0.026561324652122128,0.08817770739354723,-0.04561514015007645,0.03830364987664696,-0.0948593628791043,-0.08517642046050086,0.018902969098426658,-0.04822157538128882,-0.0648472321886673,-0.1095702719404203,-0.05030360072698453,0,1,2,2,2,9,0,2,0,1,0,1,0,0,0,0,1,0,0,1,0,14,2
0.11321620724789987,-0.34647714361605675,0.31030217326921916,0.11832588529185598,-0.021736998417982285,-0.019750116497846023,0.0854312002625822,-0.017463143424731514,0.02899998274516093,0.0696259449777689,-0.07802923039789576,-0.008857057895776264,-0.05770997793785939,-0.054321247812606666,-0.1778157810430175,-0.11985932841905844,0.06573675749730491,0.09303930237520294,-0.01652347451208161,-0.03186957208666053,-0.0785496023451958,-0.020980841892196657,-0.06251934044404427,0.191015796223296,0.03410735610835905,0.08851858932855843,-0.10351731651126152,-0.030587488586339497,0.10995803980426166,-0.03487359466024587,4,9,0,4,2,14,0,2,0,0,0,0,0,0,0,0,4,0,0,0,0,26,14
0.23431233083437106,-0.15599653832993285,0.18756205511751856,0.042385088963234216,0.1885429630503225,-0.029852948452951465,0.032266420279213885,-0.03972832553943779,0.018351986280736737,0.040939176718283565,0.11036730850494961,-0.058957337276448404,-0.12239700512022986,-0.3336973230080161,0.1795296030488256,0.0728631009437612,0.16371997058813728,0.05878385510441509,0.4063834020608159,-0.27360193776758795,0.12620594852631514,0.30447178739158265,0.12048453904497122,0.035479725922575894,0.006113061062940935,0.023816974078854674,-0.040874749037945884,0.03722660124595776,-0.011985965419476602,0.020831804570907667,0,2,2,2,3,1,0,2,0,0,0,2,0,0,0,0,1,0,0,0,0,1,1
-0.4098861775113051,-0.40528904373525765,0.02192177690796334,-0.0967502105637192,-0.03442206453988093,0.09502248545695442,0.03132027780104563,-0.10199638586752585,-0.01055992772161266,-0.02382060011631012,0.029165677314966876,0.1971383259408683,0.23224208587315193,-0.08942680737422164,-0.04477540584270659,-0.08074320017521834,-0.061059011355771346,-0.10539604428187346,-0.013641406348123731,-0.04285487104523468,0.029319264237530986,0.06350297698951846,-0.034063032384653566,-0.006676712825696296,0.04216989961178995,-0.024110421651135062,0.025456071506118866,-0.022118599833854044,-0.08093993191739743,0.019274244727652164,0,3,0,0,1,7,0,2,0,1,0,1,0,2,0,0,0,0,0,2,0,11,3
-0.16239511659259417,-0.4481039474209039,0.26379577565015605,0.019100829305759036,0.03806731919341804,-0.12166616787600255,0.1464474332998607,0.0067724275812360585,-0.15022997836575439,-0.029912715210043545,-0.14239312413696828,0.21492044146434014,-0.06392953803120596,0.23508032548154906,0.03419694866237817,-0.09484312252746,-0.10784842300867911,-0.044701976172328795,0.03196801657474682,-0.053285769942472645,0.09316856432210735,0.049859330963718945,0.052917216707573336,0.12143826037801561,-0.0006546325817300162,0.13077412892927948,0.10153205173605939,0.02329088327565316,-0.04894118281539269,-0.12457330641337941,1,2,0,1,4,10,0,2,0,0,0,1,0,0,0,0,2,0,0,0,0,9,3
-0.19556218153063054,-0.2708128886466263,0.034956491872295464,0.0037819231594702165,0.10395803260104718,0.08096666711841434,0.01812395921176215,-0.11568664494426374,0.05030858134163345,-0.1925162488963241,-0.06678630640951722,-0.104214269185015,0.18933774531193678,0.049281636857548376,-0.006747920327381635,-0.14112009715546095,0.02211329920478384,8.239398914223648e-06,0.016943728206048614,-0.013287292896118123,0.039788546728629894,0.09116616491340356,0.0387013214506617,-0.07983545354603883,0.017013664612453357,-0.04676026955514055,0.023224438092995035,-0.006086246432330613,0.11874542566064125,0.003381971335572779,0,0,0,0,1,7,0,2,0,1,0,0,0,0,0,0,0,0,0,2,0,8,4
0.12644815702551848,-0.4099758861240848,0.30408804084121577,0.051631438083759404,0.04869205219647202,-0.04986294029026096,0.10683855900002596,0.013599903430571903,0.035738653169352846,0.05622532563819518,-0.08166510801386966,0.07800756157274111,-0.007052827650413221,-0.011364804497926529,-0.16495658859704748,-0.16812454746815592,0.15348710928674403,0.059265171753982784,-0.04943830390847817,-0.035504981531691154,-0.11622196556515399,0.015915144306895244,-0.019365440909852007,0.24711521460473868,0.11053315488049834,0.0715927348338844,-0.04076713883364229,-0.0515508974549151,0.058245098068630166,0.033274512519583715,6,1,4,0,2,15,0,2,0,0,0,1,0,0,0,0,2,0,0,1,0,22,10
0.31605030220902514,-0.2984046590156256,0.14696986984850566,0.06925114722664368,0.11174058949530392,0.01383445792451198,0.039228881827419224,0.00776108983743475,0.03405776602156775,0.025367648045499038,0.057371983512345126,-0.03617862338873546,-0.0691777075430101,-0.1310212687701302,0.08642642455972115,0.028252845553568995,0.06228749493362171,-0.005321124364579792,-0.04455147468234482,0.004250098003185834,-0.020489184291383217,-0.14957310588507453,-0.03650476553428652,-0.013913583641737415,-0.026087142826890803,-0.051787758727524266,0.051757682046841974,-0.043553289311780936,0.024639949547422723,-0.05504749897434695,0,0,0,0,0,2,0,2,0,1,0,0,0,0,0,0,1,0,1,1,0,1,1
-0.30522691313391925,-0.4139025060457109,0.011608071675694977,0.11413880336063986,-0.16096404401499828,0.12144204673499592,0.05924909901973027,-0.09021796877206645,-0.130881119988848,-0.1536667300414407,0.07213596177873417,0.17436930326241568,0.06420360764425649,-0.17060996607462076,-0.07096750483844075,-0.045329768825387064,-0.08817037081724,-0.1303543960789118,-0.007285386275499557,-0.023961156266052136,0.08235221646568673,-0.0003868759079247927,0.03130639166962461,-0.1005676774509217,-0.055726316085555436,-0.05900891068430111,-0.07140769294828547,-0.07688704890606374,0.06704840466599818,-0.07810190262898065,0,1,0,2,2,10,0,2,0,0,6,1,0,3,0,0,0,0,0,1,0,13,0
-0.3273946924317672,-0.13089207226923508,0.327465254254656,0.01969388245576719,-0.06808970588793675,-0.09792928040962559,0.054447082249966694,-0.10929130422814474,-0.31410660662295836,0.06799038518556483,-0.12588791768774002,-0.022024533424282906,-0.12061004596069273,0.10124848919408697,-0.03072261097855513,0.004848048541517379,-0.07654214871031391,-0.00518119860826577,0.06265646851103483,0.02031149330893561,0.05048585220995187,0.03601445221246249,-0.07200131773527194,-0.0026699609520729663,-0.08698226633561154,0.1234693934779513,-0.07197099615469568,0.0478871744911714,0.13591440528354506,0.03644008185996207,7,4,2,5,3,5,0,2,0,0,0,0,0,0,0,0,0,0,0,1,0,8,3
-0.24572285115427506,0.21612010047205324,0.3849824000866967,-0.11634988098166381,0.048515834190653306,-0.24443370086790572,0.043015134381365075,-0.07713180743049715,-0.1415236282380318,0.1027796888157274,-0.06570248567578553,-0.12197005391932372,-0.04128770429368525,-0.017656784673985192,0.034662331407171725,0.04434600658168797,-0.18325209153557342,0.06281771690210056,0.011068074659378374,0.035718066680371294,-0.03096470385952313,0.0461579853023859,-0.07254424288786437,-0.0030702701621416993,-0.04192315003607894,-0.018973984370486335,0.020392580472134835,-0.008059771324336554,0.02565670657439783,0.07768632934879824,11,1,2,7,3,2,0,2,0,0,0,0,0,0,0,0,0,0,0,2,0,4,2
0.27344480287613815,0.1350813071432997,-0.2198997289179081,-0.005623783057546877,-0.18060783025538485,-0.2055383739037899,0.15986972606182528,-0.10589041437953439,0.02139245821976397,-0.11687871138751359,0.014304643517046899,0.060299363837941725,-0.060859994853907064,0.05645253848766293,0.19736442806831903,-0.25936075165399547,0.1747078578901194,0.008202650191231231,-0.02898912850786086,0.018961705090518196,-0.13191923508878547,0.01346049689206183,-0.06250281341820678,-0.043374490542429665,-0.014121433348408777,-0.02151101771473936,-0.039705381952168856,0.10588808149645278,0.05431837765641706,0.002067423677167172,0,0,0,0,1,3,0,2,0,0,0,1,0,0,0,0,0,0,0,0,0,4,1
0.09332497184469196,0.3636488135683653,0.2916983898141005,0.23439302335264312,0.02311402604328528,0.05479531316164872,0.023872563180313246,-0.07223291136695606,-0.09250008120909452,0.16584209700310093,-0.16339942878798147,-0.13818241170111517,0.24341545388150612,-0.0813729734326465,0.026820342848050308,-0.05495977637133943,-0.0978625666789726,-0.03239296531197813,0.021629790872392966,-0.007710572435288216,0.07589744762793063,-0.056842520127138335,0.027943160728820353,0.059878692361785,-0.09213012236467703,-0.009919188468366836,0.04829500917063985,0.0037317459280561405,-0.10420001285404695,-0.09621481389850903,8,0,6,3,1,1,0,2,0,0,0,0,0,0,0,0,0,0,0,0,0,11,5
-0.3518523217771065,-0.21168972135127714,-0.20945743544500162,-0.1447951787132084,0.06904278979933842,-0.044483672943543044,0.0027019586881337943,0.03797495002242775,0.23822288812074904,-0.13808148063186823,0.05813030613192526,-0.011661773660986766,0.2198252089071851,0.0015969607637464633,0.12445437957406917,0.08120631567528505,0.04820532675928431,0.0632073651314587,-0.049475190237006646,0.0068638040530935255,-0.10869213266242524,-0.02564306756163965,0.17010614960344952,-0.0441023710127377,0.022836417974591156,0.007692272775336052,-0.0467391074902231,-0.027083964025715335,-0.020535675425177403,-0.013037140817905201,2,0,0,0,2,3,0,2,0,1,0,1,0,0,0,0,2,0,1,1,1,9,4
-0.4933358511502057,-0.07645000367874888,0.04317581335412497,-0.152666635245355,-0.03138639176444104,-0.07548848714821901,0.07830731361029103,-0.023595765735732487,0.11931983767526247,0.12204247580577328,0.12103641917975319,0.05610525230211582,0.09791583570695554,-0.09675385920236454,-0.12292700177419076,0.024317452620173548,-0.02501574059454065,0.042047614266161756,0.05431070383182623,0.08040964188550584,-0.027474881155741447,0.008159879525022262,-0.026011307081347308,0.02426056355138987,0.03334453232707449,-0.06579848030694933,0.02114958840119513,-0.002598099122754771,-0.07672363458943189,0.0310862901715072,3,0,0,3,2,3,0,2,0,0,0,2,1,0,0,0,0,0,0,2,0,11,1
-0.4164993720546581,-0.37557918810440966,0.14883377943321235,-0.03426409695610912,-0.08093204674292404,-0.1525209043940138,0.1823965750746912,0.05237773724318602,-0.1006166591802675,-0.062034861124147564,-0.009536949602333367,0.214149594692175,0.023641721943309837,0.05601950747569716,0.0011053723172680433,-0.05075078769732931,-0.10430231884214547,-0.05250441442194396,0.07412415334072998,0.057549514155058046,-0.03540725134102189,0.05791578827986637,0.02346525833522243,0.01830342437319049,0.004533238442449019,0.07923117063285828,-0.06670359745126721,-0.05941064054711427,-0.034111387291458496,-0.0691453646330294,1,3,0,4,3,8,0,2,0,0,1,1,0,1,0,0,1,0,0,1,1,7,1
-0.23320273393890817,-0.11539580157439702,-0.21108903300861317,0.039120797927507514,-0.25274376496682194,0.11100083258589596,0.0015143256169987951,-0.006025368700906796,-0.2049999308295613,0.005362807078071479,0.12416232061141012,0.19522532485426786,-0.08308423934844192,-0.15677757692155658,0.16013577282225147,0.032638551830178344,-0.00795468729784966,0.022979942455054744,-0.11119197416464872,-0.036426941174635366,0.11201714930921146,-0.050765981552297744,-0.08417865147835418,0.016702510320807547,-0.034900253028279295,-0.05157914093367925,-0.031003987892151218,-0.0256405485087279,0.08633260927224722,-0.048977626223463674,0,0,3,0,0,5,0,2,0,0,0,0,0,0,0,0,0,0,1,2,0,5,0
0.09619356154651681,-0.27363985767530247,-0.043968510108149596,-0.19173347167380655,0.12377240541986391,0.1516601575112691,-0.041247507395423634,0.02100004672169737,0.007500738913282187,-0.058444775401026126,-0.16517635926337212,-0.09963630065306649,0.14421344950988485,-0.0004438756213988285,0.18513293503014683,0.05189921046185147,0.08640727978551037,0.0016556592327503622,-0.06731759447407419,0.02644030174879968,0.11238927102683831,-0.01710155145244632,-0.031186921667615167,0.08350748421956979,0.008988541949682636,0.021795182194517003,0.03255698382321344,-0.05988284501802768,0.10634776292840567,-0.00011637702097845419,0,0,0,0,2,2,0,2,0,2,0,1,0,1,0,0,0,0,0,0,0,3,0
-0.13304267532224284,0.3690304767040652,-0.0031382791167229567,0.31111868517322777,0.06143169461117368,-0.1671194278036033,-0.039782515015947324,-0.025706552423358404,-0.05773183502750554,0.06795604671684577,0.022358262713628348,0.04210340173943447,0.048901312805297255,-0.00748667885609654,-0.10430955767528334,0.061856890406096154,0.06312360966815717,0.1148282406206413,0.009043542582697402,0.026528290851365908,0.07105386778455708,0.022842040825172497,-0.030881424754445993,0.004627468061417738,-0.03190896011255172,0.024699154416510504,0.09147579810219233,-0.11001859488395696,0.0296139988292266,0.0123177948762228,3,2,0,5,2,3,0,2,0,0,0,1,0,0,0,0,3,0,0,0,1,9,3
-0.2759671078195166,-0.0808493436747266,0.2867820869730896,0.14553803128448228,-0.26007997139753436,0.036554274362885816,0.04569486021924439,-0.12972665472909545,-0.14436486571652213,0.05985896558637954,-0.07307904419283694,-0.0333120991197629,-0.1372832667007507,0.1086785774046615,-0.04427740128046124,0.047280860802946814,-0.05385329007174226,0.11263646033079595,0.05332883187317971,-0.05435600167204909,0.09817208571683785,-0.04729113431461601,-0.04992952221025909,-0.05589047565373106,-0.09765675793466783,0.020433369514000148,-0.10231251482960423,0.017019037793823626,0.17612402485928835,-0.02910538375716607,7,2,3,6,2,7,0,2,0,0,0,0,0,0,0,0,0,0,0,0,0,18,3
0.4541456191903083,-0.21866686677001107,-0.0011531570259791383,-0.021445682564826048,-0.1753076765687166,-0.12246999839055155,-0.17214669579672776,0.11029605209212182,-0.12870711474470561,0.1453034864370122,0.2680597616577895,-0.12785617684459552,0.09337855602894414,0.08582948931256387,0.011731150218169836,-0.06673526151534773,-0.021585078610422723,-0.017274283059720293,-0.10352682228265926,0.042308484055309716,0.12329575666107019,0.0809992165141735,0.0821926319825786,-0.0250014744813585,0.10286734024463814,0.020902649085061325,-0.05477376524849981,-0.01232512759417381,0.01039739468882767,0.03676266091413928,0,0,3,0,1,3,0,2,0,0,0,0,0,0,0,0,0,0,0,0,0,3,0
0.10160132529651764,0.10258392818129056,-0.06818942693708324,-0.25774697466304225,0.10520347192974833,0.12800643485125837,-0.1580666906174202,0.21258026154964735,0.16933451680011147,-0.19388968982920513,-0.13341296335435535,-0.0854791237918987,0.041938594715778876,0.0815987509125703,-0.010622020164206571,0.0243197842099067,0.07684295637637312,0.11519995676838987,0.006143119108173367,0.0030626047205186777,0.0861516383545392,0.012917294096233784,0.06257173170403524,0.05680183203274346,0.0029928494754368363,0.0021035658192141253,-0.049591560979620114,-0.1429152845419822,0.19290582216274946,-0.07508781928924825,0,0,0,0,2,2,0,2,0,1,0,2,0,0,0,0,0,0,0,0,0,4,0
-0.000622952780514935,0.07931211323208757,-0.37374946607171466,0.0402252574258248,-0.20728099839768704,-0.07435920329868649,0.25017883928000867,-0.277432195667296,-0.030121634753620702,-0.10351864020203982,-0.0005383029287835007,-0.086436310296951,-0.056872800843123766,0.06243732657483735,0.13525908929982206,-0.10629818006254332,0.09762150813824903,0.07375132456303728,-0.0657820808451375,-0.0007224166628392904,-0.036789253009765016,0.004883450032757083,0.062486490314193184,0.03272838443702201,-0.013558723130114879,0.0008709884703082395,-0.051882715045374686,0.03696064540989986,0.01719673813935281,0.010117250433778929,0,2,0,1,1,5,0,2,0,0,0,1,0,0,0,0,0,0,0,0,0,8,1
-0.5193681298829799,-0.27231658306703493,-0.0045485096939414695,-0.056058613634426685,-0.11235565672967296,0.05342376508846689,-0.005236036201774516,-0.0307260510183723,-0.024671811835030494,-0.036776180909595294,0.0902304036811397,0.17580878534177807,0.07953040714780132,-0.10961287018841198,-0.03434167085837998,-0.05374001601152098,-0.025287230141867158,-0.08036762216688254,-0.0032014956772839376,0.025887395576746065,0.025352644660946562,0.023585889589121056,-0.03914315821275954,-0.06754543123159364,0.0397342566214551,5.842066222457032e-05,-0.06658582117290897,0.0031693013847157205,-0.025285189988218965,-0.021253121430453888,0,3,0,0,1,7,0,2,0,1,0,1,0,0,0,0,0,0,0,2,0,9,3
-0.12182580252207725,-0.283451817440677,0.4051005954648732,0.08193104684946227,-0.17925499090517572,0.02070122104639043,0.10041681414692047,-0.008268729270679481,0.038177972619805205,0.052350371033449465,-0.03582383586436873,0.015422954884470323,-0.07606460239036571,-0.05871892959226207,-0.2746391395870922,-0.09314188845989986,0.06589229793458709,0.08125313233706659,-0.019058347191785598,-0.014887426329632032,-0.06765195274365178,0.03717155412981386,-0.11324086898231824,0.13100859850592514,-0.033327228917165,-0.010382365578905314,-0.15200106160683485,-0.034367543252981386,0.13441552328538642,-0.013619748617824966,0,1,1,0,4,19,0,2,0,0,0,0,0,0,0,0,0,0,0,0,0,23,1
-0.32328227950784144,-0.3697840913763952,0.09930285977549595,0.04447881444408597,0.07444166547215451,-0.03254750797672566,0.01547724349709593,-0.014276141164272501,-0.15763848656628976,-0.21764013404702356,-0.10273494931986894,0.11456502377349506,0.04796267276373774,0.16885652196091874,0.10079752621172966,-0.090950332889032,-0.10714134474487429,-0.0705097055284813,0.03985606597957475,-0.002779308862343597,0.09665995223965533,0.09190011853447508,-0.015976681506074564,-0.06719443894640469,0.046412303385088866,0.10442054210473692,0.0946128620072774,0.05115946321055714,0.030191628800313335,-0.07550356690451168,0,0,0,0,3,8,0,2,0,0,0,3,0,0,0,0,0,0,0,0,2,8,2
-0.41230729971370905,0.11777973780498985,0.030671242193731553,-0.0903523535000022,-0.03299136868512059,-0.19410255806308171,0.050842830823967955,0.013386452108187626,0.14474111311313778,0.11808981418805053,0.080466947883316,-0.021143926182857407,0.05646500918444064,-0.12672161428199968,-0.11528189157808909,0.0617645907532448,-0.0676377172824676,-0.1057752534044434,0.0468063461774291,0.024909890594131512,-0.011590870238573088,-0.0186872357865556,0.004020676228503845,0.008128379737650163,0.002649201176559832,-0.09187565879893665,0.005839673400533428,0.008353196390010956,-0.0100828337053319,0.031217166301318412,0,0,3,1,3,5,0,2,0,0,0,1,0,1,0,0,0,0,1,1,0,6,0
-0.15763079536011917,-0.009148562335441701,-0.40595890577514065,0.03912673084207126,0.03094722982026885,-0.22248675458680955,0.061604625691400884,-0.15482656482962126,0.11644139813406494,-0.09080758060150002,0.07646989931790298,0.005237228255932546,0.050374694491439304,-0.027501728676920634,-0.013595431389411165,0.12599198776283724,-0.0862304114910957,-0.04271418796337295,-0.059746226882993234,-0.14599858647669306,-0.14483687651850446,-0.02318351595241939,0.09799116885877282,0.0711726546570706,-0.012966454438095163,0.006164215506003727,0.033134765163541635,-0.004046866832590927,-0.04677334283474764,0.04295510494932468,1,0,2,0,1,3,0,2,0,0,0,1,0,1,0,0,0,0,0,1,0,6,1
-0.290577545393308,0.19888419275530467,-0.07409801261835394,0.13800987403292594,-0.0968958649219763,-0.18728509649832517,-0.0023906877349554956,-0.0733651388156285,0.21069728047983508,-0.03517252251729313,0.03166488553674432,-0.043193878003089235,0.025657110863364613,0.008209947186926794,-0.006773600185434827,-0.060540020222584645,-0.014240485644883486,0.18813394987537405,0.028606791754681164,-0.03446969616660791,0.05077662541281542,-0.04852751872933404,0.00866718192697479,0.0008973957001838125,0.1077733645090551,0.07441097786096233,0.03420983372195222,0.025229332852485745,0.0017312584707448436,-0.05489238001357804,0,5,4,1,2,3,0,2,0,0,0,1,0,0,0,0,0,0,0,0,0,13,4
-0.1765137208822123,0.1398371482256689,-0.21812382377225398,0.2059836311034899,-0.1986905806719103,-0.09298187039855178,0.070411442423953,-0.2659394169057049,-0.0015181848402150383,0.06326374670449594,0.09055880562265034,0.02552894165614723,0.006878839768649152,0.03104673377512146,-0.004834078748336339,0.09972882110866776,0.1083904576982467,0.1744328773814284,-0.0388769397128472,-0.10471180229788271,-0.030093332069838233,-0.07974529320537424,0.146788193166572,-0.047315270439032414,-0.038682262597605196,-0.04016517979054257,0.048638476338875025,-0.043564081549377597,0.02842947141603936,0.0163466676285413,0,3,0,1,1,4,0,2,0,0,0,1,0,0,0,0,1,0,0,0,1,13,3
-0.35636007388355384,0.045888387859451915,0.06949603566402252,0.07043396442934187,-0.08327083886128829,0.1578216275657412,-0.2873557749894485,-0.17295719075556143,0.012663530575664992,-0.03942832784814723,0.02098018315651188,-0.07773127646658437,-0.08237516283251263,0.0056154767821977114,-0.06808753788400132,-0.00024721579367330206,0.08177399320511654,-0.09003308878813396,-0.035234707492458744,-0.11209587199611289,0.02955953211984262,-0.03359948768595371,-0.0166766848003675,-0.14865941462315124,0.0931392209696845,-0.005503887772809406,-0.01582731159552933,0.07942529249458728,0.07933072740055182,-0.008495050011807774,0,4,0,0,2,4,0,2,0,0,0,2,0,1,0,0,0,0,0,0,1,12,4
0.4672541683256758,-0.2045326204338941,-0.1496334122994779,-0.15510870224033654,-0.2965907418492278,-0.16680379576866894,-0.2913808978272333,-0.029056664463135744,-0.06535578140210095,-0.009804700437356076,-0.0748703760520076,-0.026547757222651836,-0.020105257618384192,0.00031538023890903197,-0.05671420991829275,0.052864545796114576,0.04266059097081249,0.0937171267764757,-0.036619572966444386,0.1401997658190637,0.05843550352179584,0.16684952177758666,0.012231560580793112,-0.05501219736427129,0.0280371189059996,-0.0665848976593903,0.017722117129330906,0.02619821533245279,-0.15329547885631276,-0.032121688047048756,0,0,0,0,1,3,0,2,0,0,0,1,0,0,0,0,0,0,0,0,0,3,0
-0.18138200852332848,-0.07874158853196887,-0.28111565572612146,0.22532044191206282,-0.24887304902182056,-0.11597584795680281,0.14826762194260074,-0.00463366960104502,0.030517341732274002,-0.09737038871693697,0.12216162498462976,0.08639211106720604,-0.11563696516442894,-0.12789893909315747,0.05163667716658853,0.00481029840762388,-0.13527982602671612,-0.05397772646857265,-0.06676192601613622,-0.03232238837588687,-0.08532595503179459,0.03205710186670774,0.07169762785243587,-0.0031387817606525516,-0.031471105299225755,-0.10839869286468748,0.08479960186272523,-0.0807157506536035,0.057042949809544136,-0.002028346240610603,0,1,0,0,1,5,0,2,0,0,0,0,1,0,0,0,0,0,1,1,0,6,1
0.38381976885164204,-0.13648951869323073,0.14302274045813348,0.12304353185802336,0.07085673675651374,0.1149448355584806,0.17952066017021182,0.0578664922591858,-0.057518926236899574,0.11079671082220552,-0.024083125717104668,0.054098040319101426,0.09746468886275142,-0.05690614101500333,-0.03618615873856378,0.14885652419642614,-0.004434079373858632,-0.04216510231049117,0.008690093517402122,0.0012442256811002576,-0.025760840917725177,-0.12753376476080408,0.0635698138349933,-0.18308947028074765,0.125180220637559,0.03448177376549262,0.05329978519641454,0.0362613172834496,0.025015423613968094,-0.0059304403306992565,6,0,0,4,0,2,0,2,0,0,0,0,0,0,0,0,0,0,0,0,0,8,2
-0.2945519964731878,-0.17571743663285283,-0.243959070797831,0.05533641640483597,-0.15196685904264792,0.22999103261094167,0.0348247650530539,0.08766525275843001,-0.20991107624644778,-0.08635292241172587,0.12594664624280144,0.057137569729493506,-0.095606322915929,-0.06747571881620837,0.03975183380312471,0.11435620379468428,0.009783032986538442,-0.04573760625246814,-0.011707098960730208,0.033408275826170036,-0.024895567842675638,-0.00772205454596426,-0.056683009084085204,0.014319794191572161,-0.12159114733420115,-0.024777874363426808,0.023045599394796584,0.004121774031553182,-0.04123942097010014,-0.013840817695360684,0,0,2,0,2,6,0,2,0,0,3,1,0,0,0,0,0,0,0,0,0,7,0
-0.29239283258601184,-0.25984668642245146,-0.12158112899614977,-0.20543313265441626,0.284781984608561,0.0961785312521177,-0.1004534412025843,-0.07248378512503988,-0.018813514633075144,-0.012315029236504786,-0.01990882200539632,0.03600485640201574,0.24900231446299348,0.16125534044064635,0.2215989300009218,0.06375506859577411,0.07610149677511244,0.08233020109231995,-0.013233105495346264,0.01881176838943391,-0.06705703192971524,0.043391151022980114,-0.005290935656671011,-0.08630926832077224,-0.021439482697100425,0.012558019934562948,0.03711253903329975,0.03440345534537809,-0.015128268284885817,0.00838266529862816,0,1,0,0,2,4,0,2,0,2,0,1,0,0,0,0,1,0,1,1,0,4,2
-0.1522435087177446,0.21855468465710107,-0.16611719756409046,-0.21574290574815153,-0.024129618606692244,-0.08834438420764885,0.3579361155853391,0.03902949985513343,-0.045434120849268185,-0.04942475297854172,0.06001908891547084,-0.061127008116429495,-0.01306853163039838,0.01810520180864237,-0.033139344187454164,0.06766652974604784,-0.08969000232145297,-0.02244069765851538,0.09384366792739442,0.11766649324239059,0.09950975642122112,0.019430355066275443,-0.07276291654171063,0.07986995074811803,-0.022907061996124353,-0.025132009583935307,0.06127221345955798,0.0286157977831608,0.016896776598748383,0.016967810620273745,0,0,0,0,3,3,0,2,0,0,0,1,0,0,0,0,0,0,1,0,0,1,0
-0.17927664293860093,-0.4382161869615983,0.26962956511981495,0.004922099070957075,0.022581416080161367,-0.12340892065001335,0.16205258538966313,0.003436125600112344,-0.1630119268780354,-0.020365857849514883,-0.14508575098844181,0.2089592493804951,-0.07097030343616227,0.24243953183843128,0.04353476380022277,-0.09020815962891393,-0.11150083004569807,-0.04884356537026188,0.03847519958073477,-0.04943179166570029,0.1045264051494962,0.0419549854801303,0.050252193447145654,0.12071578686603693,-0.0210778005025851,0.11046047291686024,0.08861044170359805,0.020880958796564403,-0.04684321758965965,-0.12295409418630932,2,1,0,0,4,10,0,2,0,0,0,1,0,0,0,0,2,0,0,0,0,9,3
0.10101417089017226,-0.024675182062163237,-0.34791222887458995,-0.2380012609923325,0.04976224071285028,0.07070387846014005,0.2287722471265164,-0.32052632979165047,0.11870786587918847,0.0863460422567448,0.0954942931477433,0.006660087043817979,-0.1093818858750723,0.045647406695894926,-0.05582922069547337,-0.05458501853256641,-0.08206439462690718,0.019341120540582034,-0.03445594072458737,-0.013617495594294354,-0.06604268457067866,0.042793411005528664,-0.08957565919941883,0.023269710309662957,-0.08246051643689303,0.07592854364295896,0.015832189561682728,-0.021834191735750123,0.0038358604158376204,-0.01689380747512585,0,0,0,0,2,2,0,2,0,0,0,1,0,2,0,0,0,0,2,0,0,3,0
-0.036643581786877974,0.016534113379960136,-0.27581626486039906,0.052163381363870304,0.2724494661397458,0.01071498687291795,0.014397496229064492,-0.17192328916422786,0.039694668645795746,0.21309788588109038,0.15292329303718505,0.11667938979291448,-0.18208558488329593,0.0034355650354624435,-0.002022959548061691,-0.20089552613633943,-0.016953267724183,0.08762515608288403,0.0018681885292274065,0.17299029007297817,-0.07445689673355932,0.05102362175313316,-0.07690900001689269,-0.03848341204303406,-0.010688139936620756,0.005826132831313408,-0.05755045178796183,0.06045335035807825,-0.021418300331988577,-0.11969539053252709,1,1,0,1,2,2,0,2,0,0,0,1,0,1,0,0,0,0,1,0,0,4,1
0.1152765159899341,-0.17934753824347774,0.06860202426221376,-0.005595901980318355,0.08147776317446194,0.01271349729072345,0.08963300889619512,-0.016086352654501763,0.0026112867021220363,0.026008473670612035,0.1327948921975427,-0.050641962396316034,-0.1480159588425057,-0.2842721784375508,0.19381494536255267,0.09175706162949675,0.18039120747413878,0.04453264586750563,0.3752383804909981,-0.20828609265505799,0.06840763547971279,0.24589621746459,0.11065411716015805,0.0476294615485972,-0.0060574769062416494,0.036500451958952844,-0.011606926044198176,0.04093933290844791,-0.00818863616832176,0.017949411307822148,0,0,1,0,2,2,0,2,0,0,0,2,0,0,0,0,0,0,0,0,0,3,0
0.14938658560567214,-0.2867095814692751,0.031027988952288817,-0.0866025354098345,0.30862245725782445,0.1592667490900585,-0.07834658083335001,0.011543759421973691,0.10273212283838502,0.09643848212838282,-0.00027103991323332733,-0.0476669328507762,0.10320806720535347,0.01831148718646732,0.11646786161580953,0.011393827113472655,0.13170590864356108,0.037904518691884256,-0.02884356462636676,0.04781494627900778,-0.039973432688826076,-0.03802698076975117,-0.07279207524103203,-0.04814609727223775,-0.04717214428331887,-0.04761106906714782,0.04538371462093148,0.015500373522563303,-0.0018522176397764351,0.0012196841268256545,1,1,0,1,2,3,0,2,0,0,0,2,0,2,0,30,0,0,0,1,1,7,1
-0.24068061298256985,-0.371851942156014,-0.11462823840356645,0.18469700760153862,0.20089020450476802,0.05325892775375026,-0.07687213071859503,0.0055099925590781735,-0.14570322247906223,-0.21740902018425853,-0.000619360659477232,0.06079440151654579,0.06815163952862209,0.009837716036328685,0.04117749355901069,0.03094222890746979,-0.048627068081075565,-0.001620793132901005,-0.001774025647324198,0.13166177783937366,0.013982885793568116,0.026846433515917593,0.0849519764498167,-0.07524806455600985,-0.0036257170553338214,0.12824182366381928,0.06666095321486373,0.18475982700692875,-0.0026788202442848442,-0.009348144741964031,0,0,0,0,2,7,0,2,0,1,3,2,0,0,0,0,2,0,0,0,1,12,2
0.3086218619226982,-0.14496926735897853,-0.039758651704762546,0.09760185724503491,-0.1180308159430674,-0.06986428875787831,0.12747516772662432,0.13796193404108031,-0.07629811511792858,0.09948813080941002,0.17024600911279555,-0.1197669696105139,-0.008217408659224745,0.02437900035240513,0.13908022409006987,-0.11129540635816945,0.024586750573438548,-0.02482195206290792,-0.1495928284798735,0.01500146622446427,-0.003266986999103095,0.11592782595185577,-0.01444643067540115,-0.023520305711028616,0.09064782808585992,-0.08333102800572248,-0.03604720601115619,0.01700603749043027,0.03876018269800856,-0.014568479960633065,0,0,0,0,0,4,0,2,0,0,0,0,1,0,0,0,2,0,0,1,0,6,2
-0.4471608137982773,-0.05637735713249961,-0.01844137348481365,-0.1865982419624833,-0.028913879143410204,0.05617117961871692,0.032430027114075735,0.04967400157280632,-0.12119587762881157,0.1842132871437115,0.059301989561811215,0.015185925863664525,0.08986226400523586,-0.06758964120013854,0.0396878757441832,0.056221492682050046,0.08181568372509426,0.028937616693362,0.043812347752621855,0.08941258238875718,-0.10674805615447541,-0.022525240107245822,-0.061628366043601925,0.03585263041740152,-0.07155767921770602,0.027741371572367196,0.008149536780208843,0.0002332862545704542,-0.10236511509730739,0.027510364553395946,2,1,1,3,2,5,0,2,0,1,1,1,0,1,0,0,0,0,0,1,0,8,1
-0.3294164010807106,-0.22776495638946528,-0.08012737395123092,0.13803796967155274,-0.22822358137648113,0.10998403647449052,0.12733884083614272,-0.05892212445286658,0.0003255915088484322,0.08988786166667381,0.02949944209611241,0.09947856700229045,-0.006626375268881844,-0.08540681337879412,-0.08203493780332231,-0.1062645786628735,-0.1246080068410892,0.17155772510955136,0.021815287265222666,0.015566062142911868,0.08522803258463853,-0.002881019220482375,0.025545695093686385,-0.006222938552844174,-0.05089906943195001,0.05259025669497035,-0.03565097683702275,-0.04100504767669289,0.03453677897306587,-0.008247368867096986,3,3,0,3,1,7,0,2,0,1,0,0,0,0,0,0,2,0,0,1,0,16,4
-0.22840204851962298,-0.03798420719263316,-0.4103323082120164,0.11775635927056896,0.16268303773589332,-0.19144385035523964,-0.08567004981935958,0.07132622173297987,0.12264776316450617,-0.0011238090405189978,0.09423848077319653,0.15234300636609346,0.022176238190306494,-0.06597904720477776,-0.0181816329558865,0.09941250581146178,-0.08491374002981239,0.07511054515812995,-0.07531347457786598,0.011009628454265234,-0.023190698985215186,0.008188622884688133,0.04302693937123814,0.07737571889907016,0.012298350327720118,0.021267057611429586,-0.026200140874922024,0.04902577465063319,0.03413883722617423,-0.013189509802013668,1,1,0,1,1,4,0,2,0,1,0,1,0,0,0,0,1,0,2,1,0,7,2
-0.4050041891880706,-0.3143988698803289,0.2902948235808795,-0.15221195360753612,-0.12293498777313693,-0.025950260114300586,0.06782888133568003,-0.12125551971902883,0.03176831734933898,0.12482155979564115,0.012911810180324078,0.11355404270367375,0.09316804623024917,-0.07877144493559461,-0.17778536237614825,-0.09103672474544539,0.07918733559878934,-0.025742479049457503,-0.016656386746317708,0.0028561253818531595,-0.08045219077703673,0.03800453304481005,-0.014807787583863113,0.026034666439154974,0.08740643714023887,-0.04690424814173885,-0.08018168454344603,-0.041782611094444734,0.012604448365948775,0.1023786006258648,0,0,0,0,3,7,0,2,0,0,0,2,0,2,0,0,0,0,0,2,1,11,1
-0.3499287178373143,0.03433411144764649,0.26777042866584094,-0.07244565492009504,0.08629743160707123,-0.1803134545502384,-0.042876773762510596,-0.10523384894287091,-0.11876287106666746,0.10881686887711677,-0.07403556952929256,-0.09868507733135491,-0.13311328072594553,0.1023040843397011,-0.04263831417433614,0.07553577108414114,-0.07827353958445933,0.00305321187292031,0.03203351458083451,0.09812542601071644,-0.05390862615954315,0.09630523653678527,0.06026428257611959,-0.07649939935651559,0.005832750080759868,0.09319459017527061,0.05364208167172017,-0.057399014786266904,-0.0025247059290884437,0.07838769288867486,9,4,1,6,3,3,0,2,0,0,0,0,0,0,0,0,0,0,0,1,0,6,3
-0.23110692097809257,-0.19479401724339834,-0.28251165370612,0.16360198933051304,-0.21948892133747294,-0.028775809531573285,0.18364160685034295,0.07445677405415657,-0.09137077354016493,-0.03416713017562999,0.13608573802092716,0.1666310016035466,-0.04445974858843774,-0.1726362530831999,0.11268747752075803,0.00920911791612226,-0.15793189804964902,0.09467609671751097,-0.061958444843340246,-0.0015700931815875036,-0.05360426522307987,0.00017593285389130115,-0.01350790773989034,0.06145836949661621,-0.06311709421280283,-0.024499026032646858,0.04473065248282652,-0.06447523515125124,-0.037322456863326234,-0.07645433555456682,1,0,0,1,1,6,0,2,0,0,0,0,0,0,0,0,0,0,1,1,0,5,1
-0.16070345138882208,0.24355936174570864,0.21896542085098475,0.2853361129839197,-0.04369747103889728,0.09701083978934169,-0.11687827675501859,-0.07032068790862925,-0.13753216110258543,0.12916470282797227,-0.14234509421286626,-0.25701759770773414,0.08949095399404426,-0.006060335378591307,-0.04836208460584223,0.029938470959223754,0.10280555997152543,0.03896440864674199,0.03173383630654554,-0.005940071432696853,0.02511653482472983,-0.08998702549584595,0.041974952356843176,0.015913445966744693,-0.10207808951063495,0.06911562501139248,0.04244384628681062,-0.022051358895529047,-0.11024136133068654,-0.05782705841506642,5,1,6,0,1,3,0,2,0,0,0,1,0,0,0,0,1,0,0,0,1,15,7
0.4507146913332888,-0.28487972475989154,0.02013452041918944,-0.10377281961594749,-0.13642053179037833,-0.13725950787241434,-0.2717954556259134,0.07582322302276813,-0.1347029207377899,0.05601520729579443,0.40777077036092685,-0.16530491304574385,0.12762624343484874,0.134540016857905,0.003546430381352761,-0.08217357730275507,-0.05692554015608882,0.003553905432110636,0.044047475193229484,-0.009156327856677256,0.02397485579359332,-0.08694154072488317,0.02754507562305191,0.12138641193510626,-0.0217491644948784,0.04936130275334253,-0.030308764725214144,-0.04238369572435254,0.08716763476561279,-0.041976179494084914,0,0,0,0,1,2,0,2,0,1,0,0,0,0,0,0,0,0,0,1,0,0,0
0.060720917105280464,0.005123580617333385,-0.003283165200021908,0.24545184803573866,-0.3368054025445731,0.2448105247595309,0.18857793919680357,-0.033010336540057646,-0.09824659705879756,-0.00864254118435748,0.04417507577779489,0.011243741660743597,-0.11030870621722276,0.07019047998400332,0.05771985553683492,0.043504144994677425,-0.023778514081045057,0.11551795742050208,0.07017341261723958,0.007243039062855854,0.03820850696093314,0.005996884519460267,-0.15087784518224448,0.007685160179274615,0.01734597854955071,-0.10657899662056107,-0.02431558697295809,-0.035842592052799035,0.04613043136245184,0.03431580229547121,0,0,0,1,1,8,0,2,0,0,0,0,0,0,0,0,0,0,0,0,0,12,0
-0.29141463425869246,-0.2291671234637946,-0.1533619211325163,-0.031944240339646546,0.12049116061300678,0.026755497888478037,-0.06893992550426697,0.035390864596306776,0.08732133588020288,-0.06885140621655646,-0.10849881117808585,-0.05494317346202665,0.29025174917959146,0.01317770754250018,0.1197953976856924,-0.008165259566545457,0.10455905258580449,0.18416338836923013,-0.06404029952075256,0.06620256550885444,0.04987375238887308,0.006493939778766139,0.17643524832291876,-0.007653372804603216,0.0005955630087433762,0.09248860257269098,-0.0043858971632779525,-0.023989797635943062,0.07647992740750906,-0.010948587222875159,0,3,0,2,1,5,0,2,0,1,0,1,0,0,0,0,1,0,0,1,1,10,2
-0.23366394073657726,0.12584303337707212,-0.11771342031423843,-0.019873970383401274,0.30915168819846456,-0.19019173367847528,-0.1978478423184121,0.1400573644410048,0.08797057174262288,0.07220508780042544,0.024305502990558957,0.09088059337487207,-0.060561097702306624,0.125051060861923,0.030329160361738425,0.08560857835981045,-0.0947956355411862,0.002152253211206349,0.04202773484208126,-0.021152909586180567,-0.0033493540447962454,0.01598652263531411,-0.08011598277528567,-0.10717861156814952,0.01514585827613857,0.016712323372616914,-0.09796624757973676,-0.03202752276351484,-0.04822758627289131,-0.03943559033945804,0,0,0,1,3,2,0,2,0,1,0,2,0,1,0,0,2,0,0,0,0,7,2
-0.1838513217428761,0.20666031394113615,-0.04289126632464086,-0.013919867808889975,0.23422199632695034,-0.24576484485542183,-0.06592432902234298,0.29025682459746716,0.14545666649571073,0.006648895757168572,0.01409073870648125,0.043555006465004514,-0.02986075610429497,0.1127356576806934,0.032047005199896804,0.06827682307045736,-0.12458751592895222,0.013688318831189757,0.07318681342280543,-0.03823636988011149,0.018368598117858664,0.008146754472121862,-0.12178232932687577,-0.07153642034184601,-0.026903388408686644,0.004879163367997602,-0.06677911897952571,-0.06317995365262515,-0.04628441267250909,-0.03630597192525299,1,0,0,0,3,2,0,2,0,1,0,2,0,0,0,0,2,0,0,0,0,7,3
0.23429696810993136,0.1853368752082694,0.05233479158973371,0.020298555502312386,0.038365910617869405,0.13359754710058128,0.3920031915638723,0.31671161927994335,-0.15751734022592812,0.10643050076189127,-0.06396861219242864,-0.07667979117297864,0.08407742154108185,-0.04985675193444455,-0.09179319553574855,0.008499160029429142,-0.04696342660007016,-0.009572485938505829,0.08664804979763009,0.09077669759753947,-0.005803288095805421,-0.06888600019438174,0.030934515206768622,-0.06441944590014109,-0.04527517282326299,0.004157962179870068,0.09056555878288626,0.1060233933543989,-0.005551899755018432,-0.006602405942383696,4,2,3,0,1,2,0,2,0,0,0,0,0,0,0,0,0,0,0,1,0,7,4
-0.06560545464885335,-0.009597433706880177,-0.3782148643262389,0.1940055301867582,0.06276450157887446,-0.25929515852151913,0.029620559080806907,-0.06325848119938125,0.03261572695342763,0.01025972540698098,0.060670234522481915,0.10522411985261056,-0.021108326432185666,-0.10659313907550177,-0.06994067678397818,0.09371203883370613,-0.1413305980273652,-0.11389726449822096,-0.07090715134579624,-0.1029110077641449,-0.03204310152516267,0.010042813366916236,0.005233649579990623,0.09091740362309823,0.008979614535057898,-0.06246938511035412,0.014754672842784797,0.017167879550147747,0.01924424843664528,0.07398285815244626,0,0,0,0,1,3,0,2,0,0,0,0,0,0,0,0,1,0,1,1,0,5,2
-0.12818472622631508,0.2950773890305287,0.45318753038477666,-0.015514194200441835,0.09529606256583405,-0.10053776315660312,-0.10175980522199467,-0.050049113434352636,-0.1308417443056755,0.08578226386890356,-0.1496812744431985,-0.19772150834663377,0.04543537545922942,-0.03597769814017689,0.07609847807919631,-0.048932815820903065,-0.17698505780375418,0.09555259604916592,-0.06088854688415705,-0.04399545616929377,0.007171101085810618,0.033103522825236445,-0.08053814036183989,0.00918742813938172,-0.07942667135337207,0.041767538348655445,0.04249859111673912,0.013647385970268995,-0.02285571585096597,-0.005548797578224806,7,0,0,2,3,2,0,2,0,0,0,2,0,0,0,0,0,0,0,0,0,9,5
-0.44137731148088793,-0.09580602905752046,-0.09639116078566479,-0.07633507787559564,-0.05278204355134835,-0.23366610501777477,0.1533398432138691,-0.023478489426700697,-0.03629757453323826,-0.09145525406625862,0.04276764847153306,0.010471878343327601,-0.005081601443886266,0.04333651706296327,0.09100747682787266,0.058090814657696985,-0.078443683765168,-0.06341732936835556,0.07469332851683319,0.09323841481232581,-0.116540569712787,0.03434433245734017,0.08509388401552735,-0.01332436088086444,0.01723296797368047,0.04798802851767955,-0.016418078977918887,-0.030513090160625006,-0.046959953592439124,-0.055871755931092025,0,2,0,2,3,7,0,2,0,0,1,1,0,1,0,0,0,0,0,0,0,5,0
0.3635481628941463,-0.29981843102331085,0.09134885203840502,0.05156218868960685,-0.0002543692260632696,-0.04220520351791841,-0.026257765741202116,0.06332756618895918,0.009509180696003388,0.05625614701317561,0.13368344463443474,-0.091186855688094,-0.01820943368309768,-0.03137513486879487,0.04572439595740827,-0.008679999757620765,0.000362125189104362,-0.007343890573608203,-0.07029069771023357,0.03455674689178302,0.052444337844027,0.010834605098604221,-0.00022227303998451423,-0.02864621579714343,0.015038956487531395,-0.026910725482596175,-0.0006543356178648017,-0.012111309053639092,-0.025080376778218387,0.01243590333752343,0,0,0,0,0,3,0,2,0,0,0,0,0,0,0,0,2,0,2,0,0,6,2
0.4884617615559216,-0.27782085207775564,-0.017290353595505115,-0.06417589111331991,-0.19767939429235268,-0.19648864703094704,-0.2329299199751284,0.0189078569873383,-0.11012955670401352,0.09167500281707658,0.27882141562111795,-0.17021569714115672,0.10446785372048276,0.07437139295370374,-0.01464864285198977,-0.07893324702589358,-0.03991754213969311,-0.033317132102511436,-0.05963768583481626,0.11240269100714113,0.16415432088689275,0.05118042114035762,0.08554120825804905,0.012399595505468153,0.031163301553264394,0.012062818977910957,-0.03342959863253089,-0.020730272444924615,-0.015996784856035173,0.04719073946021126,0,0,2,0,1,2,0,2,0,0,0,0,0,0,0,0,0,0,0,0,0,2,0
0.12264145663001237,-0.39735152416005604,0.3102021885425001,0.06686776561454763,0.018905763900617625,-0.05441796930484659,0.1158488391169855,0.010431570287128046,0.028175806262458056,0.07077823116948506,-0.0713945421885013,0.07002640492119754,-0.036527827976509365,-0.04075648349729737,-0.19099939444410197,-0.1525790024879308,0.1226802425549326,0.06069920631804699,-0.03906400120957428,-0.03251559742924858,-0.11421788816049944,-0.004529963572526153,-0.024462063609755655,0.25078119083600925,0.07158240930420472,0.062438071327397385,-0.10311023161394106,-0.061274939306431436,0.06777899765409176,-5.7264101236059045e-05,5,8,3,5,2,13,0,2,0,0,0,0,0,0,0,0,3,0,1,2,0,23,11
-0.278709455059227,0.04491474955110293,-0.11713233904215362,0.0010221669936594877,0.24048454602421998,-0.29806021892722667,-0.06326504467254754,0.18252040172751588,0.13454114898173722,-0.022028455238343275,0.030936059217520115,0.06417831927180874,-0.00977169257886579,0.13531731442477318,0.06743011274870359,0.13101836596513425,-0.12920744703631104,0.03466636310740924,0.0673475196447452,-0.02477667423535866,-0.026061751748299458,-0.01778182347225852,-0.030810542287964763,-0.0883212662875763,0.015729891696880112,0.035230958507334265,-0.06545547902689065,-0.025692488188819237,-0.06915596240960303,-0.028788860619338056,1,0,0,0,3,2,0,2,0,1,0,2,0,0,0,0,2,0,0,0,0,8,3
0.45369618892297314,-0.24082579023929346,0.016390854676121225,-0.020902986117627465,-0.18240239374342798,-0.15845789188500073,-0.20266510487892686,-0.015525413436084077,-0.08820818372873292,0.09465486992326676,0.2917823624372549,-0.13383558968572576,0.10814578767434241,0.0866408923785161,0.0036656871679554576,-0.07133140526578108,-0.041199406149236895,-0.0502779110574181,-0.03564416786836695,0.05875697264051779,0.12207425833015868,0.01879181849731518,0.08003420238506644,0.007048686537071646,0.032515639073335476,0.013453951786067751,0.00028075538163259244,-0.02703348473063846,0.0012612628490862414,0.06443394930354177,0,1,0,2,0,4,0,2,0,0,0,0,0,0,0,0,0,0,0,1,0,3,0
-0.4065264312273444,-0.2790739418955489,0.36361973990015617,-0.1639972361103011,-0.09920716991316897,-0.18951287370138897,0.1192598429523789,0.009966565534772445,-0.014055674239120625,0.04195933939499314,-0.006851622977501818,0.1514504321719936,-0.10342946834100189,0.14101394848156198,-0.030910572729685892,0.06806060169588997,0.0110618217992087,-0.02657966484529655,-0.007135271241988008,0.008838775569392023,0.02358977851648606,-0.024374134252846496,0.06356480254203263,-0.04094429101967143,0.005427169871760484,-0.09056025712536779,-0.08982218067663827,-0.027147261233958705,-0.046608319448108004,0.02058450298073318,2,1,1,3,4,6,0,2,0,0,0,3,1,0,0,0,0,0,0,1,2,10,0
-0.15924940688513298,0.398671189418532,0.07112773828990498,-0.00040779060451606557,-0.10229801793978147,0.12425486824254656,-0.1945798864366374,-0.04519923465282643,-0.19725255731814986,-0.0021534545908003105,-0.016125936722145493,-0.07315517362241566,-0.07483184564689746,-0.03060500428247554,0.05747663824080208,0.028456687306775356,0.1847158007130195,-0.06641033103655646,-0.06911120424608629,-0.03197528467177256,-0.006002537831606099,-0.07053030606122848,0.0738597541634982,0.021691535073413315,0.03384392580013513,0.026871340324428856,0.03155714596470899,-0.011872564650488174,-0.05809720747055816,0.02029491166044876,1,0,0,0,2,3,0,2,0,0,0,2,0,0,0,0,0,0,0,0,0,6,1
0.17322636912871245,-0.09365763809725616,-0.1341303105457105,0.07100372411642208,0.016481921675792925,0.10780831689077004,0.2140421749040954,0.04190724806899108,-0.10062548980979387,0.2394507814407056,0.0006254696651101658,-0.02315002519109872,-0.06712917113996159,-0.05125810401991818,0.02851475472834073,-0.09334741190338235,-0.050105069988935484,0.06666324976149778,-0.05522216699633079,0.12110285492091975,0.03537465395717805,0.08977373708606536,-0.0494544344877023,-0.0350387832039375,0.016197581782178366,-0.05596985762390401,0.03967072071354773,-0.00277973789348291,-0.03908733949375689,-0.06958290192810042,0,0,0,0,1,5,0,2,0,0,0,0,0,0,0,0,0,0,1,0,0,6,0
