PCA_1,PCA_2
0.011158050646766782,-0.02958536074502668
-0.2390072977482269,-0.002460769833499828
-0.18576633744228285,-0.04492593067165356
-0.23623515227521896,-0.0508557911993572
-0.17101994322100952,-0.08207640573443022
-0.16570876852373662,0.037137821624103
0.09761449535665699,0.3300685760166848
-0.1960326901425126,-0.03446122317639642
-0.14699428351405003,-0.08890716788105463
-0.0034004998208547773,-0.10948632374759375
-0.19344824780394376,-0.041408106036987344
0.14184450966880857,0.0981484453433569
-0.20438166397327262,-0.04064273352024631
-0.19619654587603536,-0.04243055505092952
-0.2335759170042728,-0.05073982504542132
0.40022698959879116,-0.23849355976070055
-0.19345719787426457,0.10873452852648371
-0.19365335291625693,-0.03957497966345071
-0.19812418391078046,-0.05535472659560403
0.22877637310080728,-0.19416202361537743
0.22760661188204442,0.10333778107033219
-0.20570024816179242,-0.058415733231944336
-0.09587339428033353,0.06196531653703193
0.0015548609531313155,0.07789411598061037
0.15730881732554755,0.3456197960573592
-0.08396312725965048,-0.21924115234078453
-0.04670166454504206,0.25804217241278415
0.01594527854810556,-0.3277937890580997
0.027299005222960394,-0.2828800600132715
-0.19349407189212994,-0.04142491550045413
0.12546498788974766,-0.26456080962717476
-0.20317865005574404,-0.027841087762311523
0.017003218339574196,0.06870242671094551
-0.011554484431073313,0.027200671900849543
-0.06224900534282545,-0.021710889781647626
0.20293197867967916,-0.10483978333970513
0.2514982405037222,-0.2836700644075965
-0.12511582312464373,-0.08192763227951057
0.22775815383297462,-0.45261452963446647
0.1654636853657757,0.20252303684399245
-0.0353273967755309,-0.28291998461238793
0.16673336445552503,-0.31117337233362163
0.3948023810716714,-0.2811231786890325
0.148146773404848,0.14467297502715656
0.09079838789059916,-0.17848494558267367
-0.015767351975068723,0.06582471913829445
-0.20590518274435268,-0.04081403699463385
-0.19607850024261422,-0.042055509501407545
-0.03293584566305967,-0.17479182902598822
-0.029205379115621044,0.16700101159889066
0.06454507785312674,-0.3119230124269181
-0.1928318859789862,-0.04284978329907664
0.40880973148877675,-0.10033288119394675
-0.19346058011869557,-0.041412385573125494
-0.07830083052301243,-0.10132642650025263
-0.1954442476892492,-0.05403378820163987
-0.19765528569538168,-0.04309567113036233
0.01072832322757471,-0.12792384662673895
0.09093292694404712,-0.3695278964411229
-0.19717300598123283,-0.04985764332632305
0.3379455435260286,-0.06194719612184383
-0.07182199832387313,-0.28533934039320125
0.2714411774009406,-0.20212204965757868
0.09413339578224236,-0.27157104560738365
0.012324607318352455,-0.08481337644870977
0.3832156420275393,-0.2909489142686154
0.1334081515361133,-0.423885934134678
-0.010294523471123787,-0.06780411526241238
-0.28349218785886066,-0.026758883205244114
0.12386802606689538,0.09729536977239488
0.12136760410740298,0.16277072088512068
-0.1998274440552023,-0.06709513328025199
-0.10158023106371572,-0.09830291037205571
-0.20379663307253287,-0.049616169488940896
0.005419725666261445,-0.028780450100738375
0.43965987758561803,0.1468835023812569
-0.0014896398981952728,0.1817764441512484
-0.20819707059040887,-0.04522022384550006
0.36422656074946275,0.19669979854615255
-4.444824998315547e-05,0.0053810524301022115
-0.1649978554296106,0.020779736259469463
-0.18880865766252578,0.20324325293007892
0.24111682893367892,-0.42146417960376
0.06925210444315347,-0.26790231376536877
0.17071381466022628,-0.27759714668929325
-0.09604569853575251,0.1340115327882011
0.37715198810865447,-0.22874704583799382
0.23377644970990452,0.14920993628565773
-0.19463658334317188,-0.05160181757728977
0.4543221142852496,-0.4309405444503857
0.055389146234024175,-0.27289798276998234
-0.1243445384758409,0.04445691199777237
-0.1971853722198015,-0.037929109589202335
-0.1791952358824661,-0.0018713724639942027
-0.04190974220357922,0.19403501185051603
0.27913241265649164,0.21485211185204756
0.11610926324095987,-0.4271522482450419
-0.19268236635982872,-0.04646369802485551
0.3018870212334792,0.18642113884995587
0.013983899016053469,-0.06490872123129565
0.21584886291838126,-0.2224590559532373
0.022378277748021886,0.07504015594928543
-0.011421020173657896,-0.1726112102666897
0.160129482550519,-0.3478838030161862
0.30669505215816284,-0.22542728034099113
-0.05486723048215116,-0.16742419339193346
0.34830657965176887,-0.2355483408772737
0.11014317292136053,0.21610141631529692
-0.06360702337824888,-0.22130292889771347
0.2712595839989027,-0.06682166738648837
-0.16131395398040232,-0.10076039427039604
-0.16165370241328272,-0.03839420317365254
0.10284626235038709,0.034040807365455596
0.2514663577080282,0.054305500976151486
-0.27916651627613454,-0.01544605776524241
-0.13895124137635376,-0.17524483914036276
-0.18597705590904942,-0.08632880757704137
0.1855121273258022,-0.21733030661977484
0.11165874631498555,0.11958778245025581
-0.19711047879807342,-0.04237377104660158
-0.027277077232734648,0.4253819667878104
0.012127803894775219,-0.20356845929983475
0.15700050583744768,0.4132656659859442
0.2697471022642535,0.11747627016474992
0.2959278297243794,-0.13384875105448263
-0.19379921852593512,-0.04149959493144268
-0.17367729751352218,-0.06889655068937292
-0.10427268390238462,0.16925842882352352
0.08451584182780351,-0.235364833020276
0.07753163536104309,-0.18318122373757081
0.4400073579185299,0.08246332823748281
0.28984537311941827,0.08172120645351896
-0.03820734600185448,-0.12914401602951883
-0.03620520622989757,0.32246449835731955
0.30066050511180026,-0.15821120040237452
-0.14473486608494104,0.09533845634405237
-0.20728578305408166,-0.045400778149441705
-0.2045347570058802,-0.04770331823381535
0.04308145157699424,-0.17562667835233448
-0.15654296393282807,0.21705791170028405
-0.019373903994945846,0.2983994159638874
0.14308649205298654,-0.23766184290755077
0.3162798147139794,-0.008259820045628525
-0.16780065560253007,-0.04231612087246056
-0.1515318226780738,0.28997051401142726
-0.1406093391393889,-0.027541117046946995
0.16896329175943645,0.5001377754408404
-0.08389620398457412,0.37471253463580406
-0.19385630962656122,-0.040612382615517126
0.12344181640320216,-0.18006685842210934
-0.07022618063224215,0.16863842713775484
-0.21439700646575685,0.06504529250815884
-0.17509834155537018,-0.11362251720475357
0.01278669982107436,0.07794067997229125
0.3806372454850522,-0.27948015040970003
-0.05721712218746712,0.18193772792296506
0.0070188227200960575,-0.2599069144788788
0.02751677480625927,0.36262802315936504
-0.11914392683516586,0.11496456776173448
-0.1934915932208459,0.18481141261067044
0.4587573155930211,0.13931737375970182
-0.2671669655704307,9.494694491587182e-05
-0.17863456397359792,-0.08649383273056457
0.02316590598184246,0.052138414897751194
0.18085691266922893,0.07039235715129899
0.40930565121899654,-0.19631485825670794
-0.22635366055940995,-0.027713610330869297
-0.1668374298453046,-0.09909570650333849
0.40027626451772613,0.2555029193703941
-0.1993008651925922,-0.04271022524143919
-0.20100901013909006,-0.04329120478704147
-0.20196489866745213,-0.08045568455865336
-0.2361661279082218,0.026533902347027596
-0.0005762170477676876,0.23163090427490146
0.2564443769269229,-0.21395172151176173
0.022656646818121972,-0.3030717297875858
0.10230832723286297,0.22470296670990408
0.40902993573454377,-0.11045789973577233
0.2785520256117381,0.19869092304352987
-0.20878265446933908,-0.02977277457637137
0.1198143379257956,-0.059655584949421726
0.06337415633969794,-0.13909693238892012
-0.21378453916778672,-0.03132931179974027
-0.17529762801566318,-0.006567734033819809
-0.13810770902978448,0.021878007778719576
-0.20388227268731907,-0.04851874586747117
-0.23869281852254579,-0.03881920964623797
0.2249135362057802,-0.016691117628397863
-0.20992928068063602,-0.04743827859465129
-0.20397591827450637,-0.03611765032489463
-0.02940051455206226,-0.22004591827666953
-0.11493692039004189,0.07850896422463556
-0.19953103402361838,0.19604787729920525
-0.20274292008818773,0.055127812909267285
-0.05187014562905425,-0.19165765855831982
0.08935288654886253,0.12885490035472613
0.18031350494439677,0.11590702288171108
0.07667968472633956,-0.008684224026984919
-0.0008827968034821413,0.021869875251624975
0.22861760117422655,-0.05313590071040032
0.006328877510666264,-0.01409289517786393
-0.11537981251966054,0.27818417047053934
0.0011649560136160137,0.06553163290233577
-0.057686703689084316,-0.1934277011977844
-0.19667731481683867,-0.09160575063415348
-0.18470812673852507,0.08618546642597012
0.09926142272604492,-0.19850688231360084
-0.08331956911747557,0.21291542004957623
0.5125237374296322,-0.1409647317635737
0.25434455653326615,0.006091167754353399
0.4152313488315554,0.18512563219226255
0.18575516484711704,0.33581890475853443
-0.19130570167063302,-0.03356529335730465
-0.19725153776638574,0.0167988489360266
-0.10372618588327485,0.22594881108736692
-0.20831096218793752,-0.04438418909388519
-0.22524184838456957,-0.04646072812591537
-0.11492987294168455,0.2994664869274929
0.34915587726851793,0.1385618374119278
0.2471675956910751,-0.14722791985715086
-0.19426144377120982,-0.04127420600313654
-0.16681191500991607,-0.006067301116053791
0.418326536229518,0.23368697747959558
-0.07756597197584894,0.29117451635751224
-0.1947239860233476,-0.042237244005173404
0.06398401578504408,-0.1193100146030955
0.22797964086499412,-0.42595443675932143
-0.21554918113166427,0.06171278447613806
-0.07064424153573408,-0.12139761453456811
0.42898594667278084,0.17442836872668246
-0.023259066624546573,-0.0084600334373585
0.260690010215989,0.10416331288484294
-0.01264327427621545,0.14662601752516474
0.2053110951613896,0.07901531055050237
-0.1321186721893895,-0.17221561788723655
0.16186209418107403,0.044350408858689155
0.10491247341663434,-0.3198639648804765
0.05437286408451223,0.3967403939793892
0.01274835414740621,-0.2522239333301534
0.22313873311939555,0.21497473580485646
0.6012869329440946,-0.13942774604870906
0.4879606769495705,0.15309593157399287
-0.1521039158766478,0.3171239376285512
0.24845298789194434,0.0589007267331741
0.13281504470315916,0.1938559917045299
0.123725282945774,-0.12089249439919843
0.1097450044293753,0.0536877525078699
0.05519439754766839,-0.31688139202348115
0.13859502048743905,0.35375235428681034
-0.06431574694790043,0.08970215909776467
0.06119422359946236,-0.3463364684133216
-0.14411225984359888,-0.06305518336216598
0.26652002115630413,0.17996690844459964
0.446002105039007,-0.2927320979670837
0.2986692875250647,-0.12635156863947075
0.36091111760989225,0.4552953807408583
0.15010289091560766,0.372485936534736
0.007813633080038735,0.24958819706226507
0.2033987795972953,-0.1465844731058593
-0.1166893760427888,0.18937805771040456
-0.18591102422061617,0.03448256288702193
-0.14305907215383107,0.10964029011842545
0.10194767812313107,-0.1273260884678793
-0.2102966358122579,-0.04463662122173187
-0.07246013662020091,0.040766092262415524
0.04044128770613381,-0.1360125118805575
-0.13382118780965008,-0.03103779345625905
0.48540803437183583,-0.030572430047620586
-0.19594636806189158,-0.04542926340684683
-0.0439756056977642,0.27796601871327514
0.011620566723762066,0.1569153792851915
0.26421042346096196,-0.3151641042634211
-0.035525319837861155,-0.015807883471731184
-0.13892507092375506,0.1712813679772539
0.1287895068455117,-0.2309453741774415
0.35215630157515937,0.1320900063616746
-0.15051184043666144,0.18104323518405924
0.4173350646650924,0.15853245785975006
0.03367452505150082,-0.23782239596540758
0.1530658474801128,0.26414727138011235
-0.195681920856884,-0.003680592706052932
-0.13664908344176613,0.3268235998543508
0.05448358138081958,0.19902720405508142
-0.17060405282052446,0.3112334390939346
-0.054710156390941,0.01603937338699978
0.33003820688934615,0.30065268191004657
0.03396321298817366,-0.20435603373901987
-0.20903691012026054,0.076306889852849
0.18340483929036525,0.15711262649516072
0.0031379756970754424,-0.020949434108630205
-0.009095283490676617,-0.11815164006014635
-0.016798013478759977,-0.09973203149385663
0.10222119932013879,-0.08352171932645408
0.16590213870652235,0.3207393089834324
-0.18957230447214427,-0.02447163518349099
-0.08019128812410652,0.00347935144263021
-0.1934489882596821,-0.04140832591777052
0.0443129536087876,0.03564493542268
0.2628925294313345,-0.03789799944619041
-0.062491898476468195,0.2711400336893118
0.24613848141684866,-0.16830124931257404
-0.2079350226185133,-0.015586112578297454
-0.023831598083915533,0.029165067483281036
-0.20486321319719997,0.017245214267172286
-0.12947656906698418,-0.017802223476476583
0.40445533125302463,0.019189847504210874
-0.07424442353420034,0.3829702256932448
0.3351413748849407,0.13105932481262614
-0.17707681336652814,-0.1454560939264431
-0.12249266877216275,-0.1462666118599958
0.40275795157654753,-0.011811185377448219
0.18652536549990423,0.25099815570765893
-0.15037348814891563,-0.09253326967169057
0.02631392498556122,-0.22828648615549088
-0.19295275355935818,-0.07340146439745217
-0.0388302146462982,0.035970315825552865
-0.08740783242355808,-0.10599541228178327
0.35474423145993406,-0.44142451107307706
0.0601883122622633,0.318454620677211
0.21191258497464105,0.2618159374900897
-0.03569741283327891,-0.03694150683677209
0.18482811937898763,-0.16348525500906805
-0.12400307481810846,-0.061548351025899936
-0.13076877720565527,-0.14536039292473688
0.011063997465735755,-0.33913845233261414
0.2166500900189821,0.2819464293434398
0.3096876110693647,0.39171929027744296
-0.2036459306474892,0.060070543521287836
0.2629161439206713,-0.10684656524620663
-0.0854170016246597,0.2559578843480352
-0.19739991215292693,-0.042526555338653405
-0.06121680683737477,-0.06099674892713841
-0.20544669278460134,-0.0413335027986502
-0.13579295287278043,-0.0960547125649636
-0.20044540356017945,-0.03787430775053343
0.4159858119810806,-0.16488689254001215
0.15976905830833887,-0.44769903842013914
-0.1465372119391793,-0.12212302054859894
-0.20579748285504043,-0.04552527759372077
0.34810934728210885,0.20413227620689345
0.14646114224972678,0.04398566984053754
-0.08971777966769266,-0.25167256760871326
-0.18634289208387916,-0.1265317123788944
0.39661412858694756,0.4280207036505736
0.03146197316008441,0.2622247798864358
0.1285196052027438,-0.26566312590810487
-0.1689198985824799,0.2427971146588503
-0.19369959495007982,-0.0414741693114079
-0.094522366344398,0.10799763329693864
-0.09613158044476897,0.05653047128371776
0.29485649342877157,-0.18325440743993865
0.19081663306895638,-0.24507929708962486
0.5158042389476947,-0.1847242858964786
0.40221597163840994,-0.25940847978005144
-0.19344768997755624,-0.04140795869984377
-0.007988243841896872,0.07043024952490462
-0.25900948837870913,-0.03838286086708701
0.5693696632336459,0.04469270007411683
0.11696058865564779,-0.057990843647686086
-0.09181195773076375,0.2961900382018587
0.16237785566066457,-0.27442323475949576
0.46314524794359263,-0.11023988457043747
0.08874920345574965,0.015436727169432169
0.1388293061994488,-0.1939184978944888
-0.19791419543922922,-0.042723958479733426
-0.021397947607051163,-0.23980966477214966
-0.24171392040118328,-0.037216715527678114
0.2140655324288435,-0.41516026295654623
-0.11848237553937173,-0.20538048509126372
0.1311953397139049,-0.3060455135387956
0.27720994533058013,-0.13748883649890817
-0.14349680138569362,0.2483680415739675
-0.19751988920826524,0.0854938353331959
-0.05117041017319947,0.04468124852993138
0.35023447925075724,0.2737438586859925
-0.15713504661014738,-0.15387866855369872
0.1861817472530443,-0.18271626024851226
-0.003578607702122964,-0.35353941684697854
-0.1033313501502771,-0.035012812956957816
0.24297876226371853,-0.12861938895999958
0.05270866469586943,0.012994822821725783
-0.059196686738142365,-0.0351577122248658
0.14682093465985624,0.5045875031479721
0.2741035226609932,-0.030826842590625358
0.02573943096339949,0.4057152313492044
-0.2566799750820319,-0.043306567570645695
0.04100607037060967,-0.10086555714046619
0.05174904492383383,-0.39450609446768586
-0.16583214093777934,0.022108809232894617
0.22948283664778,-0.37284725404125957
-0.1338039693360812,-0.08069529212718947
0.2689641388372974,0.026034661421263296
-0.13737894861816488,0.19253861572284292
-0.07501940526409798,0.2079938132871603
0.1532909938067534,-0.13167414800873412
0.27028993111671634,0.014959059009470569
0.2703779183146934,-0.13403959200873228
-0.035517479473578854,0.193692925166711
-0.18632763700061486,-0.043034415735474875
0.16578032457536296,0.060852795081691335
0.24548176234678107,-0.1936260531954754
-0.1884192457287867,-0.13744341565010432
0.36846745327701885,0.17401728465992872
0.2073200912955321,0.19972997363099068
0.24146299897730394,-0.18944777895252135
0.3721996755394316,-0.28136679445298735
-0.1974446935578382,-0.04305793481272181
-0.12434244955563988,-0.05610075251534516
-0.19558909195625374,-0.03661900734607043
-0.19275642841556798,-0.06812591831467375
-0.03049606688658207,0.03688031268719869
-0.07241055996609816,0.48038145748044114
0.1856286137581829,-0.2752637226916739
-0.0490576240366101,0.4599926468123102
0.032676444978937395,0.5043143024085863
-0.11822724250839273,0.10843617687149755
0.4610745162635772,0.016509880583406262
-0.029977293591550304,0.07018870191090702
0.16678977423669294,0.009673148600963468
0.11053945502287138,0.23683898455581975
-0.19491057231861766,-0.041792230847287094
0.3754616980815346,0.3115784908801614
-0.013480888700090173,0.1560641320228275
-0.17460102530956223,0.24443968224328172
0.10081259589341532,-0.05831103545916271
-0.047339597235340335,-0.06206018273449289
0.14188296708893686,0.4262138016958558
0.07874294341987545,0.31763494596858016
-0.19893561576001326,-0.04205129872693138
-0.16612978619863575,-0.046401437564627064
-0.062268876274036204,-0.2231107921763626
-0.21082582413950096,0.030636075364995286
0.03658157649636236,-0.3113590232217482
0.14425587416524988,-0.051149228086217954
-0.01219492045015964,0.42482478198228824
0.3148393643340235,-0.19514775379876997
-0.195584906228581,-0.049629961220785765
-0.1551263945826107,0.29350070900287156
0.15857064867347992,0.3998414518367003
0.23040716062785074,-0.373266290914629
0.36934587808243774,0.21905735580744023
0.2286251526903331,0.32544368600844037
-0.21434931639839996,0.2102951228119915
-0.0014758073090649622,-0.03471742161565695
0.1852921711067576,0.2455942929362602
-0.08069440259091976,0.058178546323638676
-0.17643660490323906,0.1799370318913906
-0.04632876896391837,0.21492230167752666
-0.1265157902212969,0.15886115507516535
-0.0652191593443586,-0.032831534339790074
-0.000791574605322195,0.20554424303327587
0.050844743054629646,-0.13773736450037957
0.43333345723661176,-0.09344047017172534
0.1548514922620998,0.0664700763072508
-0.11217244607667053,0.02707389947581297
-0.26683577762416927,-0.027992746796863588
-0.24664672140985847,-0.012143869875329791
-0.19501638428295934,-0.03267924247661662
0.49052385002905474,-0.03459669210829247
-0.059158074938383924,0.3601422756726057
-0.08510778161223567,0.039051107105626565
-0.06532182880875709,0.016691363210907445
0.40335424587706636,-0.1576342612485527
-0.24868655522173838,-0.05459582479907547
-0.14280825617690526,0.06102321715226617
0.08387725360667744,-0.14178349213636435
0.3030508841303545,0.42096765448347134
0.2130807974013847,0.18291930283133265
-0.2680956934900003,-0.04709799669452636
0.23272789335478758,-0.12863700416307497
-0.12175957034680919,-0.06922557600445507
-0.26102078741830037,-0.05751461563600689
-0.004180202890349679,0.28551041230945445
-0.2514878521268819,-0.04034784377032982
0.10584507377553891,0.49781987542797895
-0.1882872616892207,0.08749187660753976
-0.23866732778847105,-0.0519193096705091
0.13428524970561243,0.14539325513423337
0.0493884718418558,-0.0920815390790456
-0.2556194775875713,-0.055482597999705424
-0.2464334415553545,-0.053818050433304114
-0.19810016446759338,0.1231464957351308
0.03552695082946591,0.1518462394411345
-0.25068313550783,-0.054766033094865066
7.677613444486182e-05,0.07509010296106988
-0.004080802057841796,0.5192708655460505
0.21333976298754032,0.35582028027070817
-0.12808353210805007,-0.08517723030040712
-0.20919707907563936,-0.04441138732401055
0.08515626808622136,0.061504394920209454
-0.21255242089856877,-0.0659657164804336
0.08814226775817685,0.27577976123828796
0.14333557014890239,0.47190548564138873
-0.23435583343527763,-0.05029158274726603
0.1806244577177663,0.3619034722940463
0.2616576302820291,-0.11111990123570657
0.2537995019699118,0.16679510567189215
0.20525497785355704,0.4502407887938638
-0.207928877458354,-0.04426087810184801
0.2428400371618951,0.16870213435084488
0.02151474605373667,-0.3570454208073455
-0.20829882713449518,0.02201874818018875
-0.06947555901269842,0.24635446244065679
-0.06481102085876814,0.43144302242821136
0.014439011347673265,0.23895082174565807
0.06807879517007627,0.07403688253501411
0.13309649595189837,-0.164148319439623
0.43440039802668745,0.15406173232727008
-0.22160322562190893,0.07683204010582177
-0.21185775529758977,-0.04428180725471678
-0.19661655024477953,-0.039258233629396365
-0.0735650521269167,0.255621044621958
-0.06648597250513995,0.4728396253057243
0.17956734412800787,0.32903032835113005
-0.11948251315124578,0.3221725031882205
0.09371746173437974,0.42996707617953484
0.5309921116956584,-0.07815179016854643
-0.22341113062341386,-0.04219329779784707
-0.05131968380665674,-0.05922358917268263
0.06337303534652831,0.1332306327682846
-0.1979808732125923,-0.04175207589646399
-0.18531944847092108,0.2454004353671762
0.26315065913387836,0.3557651288085517
0.05276603332160218,0.31758669878908014
-0.07771589720417321,-0.03354319677591296
0.12719864757736055,0.2135676002952988
0.32177569193315847,-0.16967686441351382
-0.05802065849358361,0.12447857921025862
-0.2305003743912749,0.02038685793812947
0.12883587107049857,-0.4402843820917962
0.03354264790722539,-0.24003617404505256
0.46347494547550794,-0.3205326871521814
0.04069765981425054,0.26719897283504296
0.05871484932693448,0.149519121584658
-0.25664373979517896,-0.007946413160698986
-0.09000169946568934,0.3711709584674276
-0.1984272120817503,0.024793732247100426
-0.07834210216466085,0.311892181923138
0.17434946356470427,-0.029325300030514118
0.2084195222500057,0.348054913536857
0.3749987775532908,0.10116162659337175
0.32611579338432495,0.20264294211840894
-0.0355019430618118,0.06010399745900054
0.4157785289113405,0.23708779667457447
-0.19349818791039985,-0.031036880498710336
-0.10238815742459499,0.009279556783168219
-0.11917631305164994,0.03646196021317759
0.5575949688851698,-0.10535685326206516
-0.193897351297067,-0.049086075765813274
-0.2349254081457499,-0.012455401308337413
-0.19769989487071749,-0.03375199165948475
-0.18973530175889106,0.01280122553873488
-0.18932592511951343,0.053767229487416184
-0.19857929145968478,-0.04335997433999937
-0.2050972985981411,-0.04089648573040698
-0.16971781424763308,-0.12774834003748775
-0.017233384133199907,-0.15602483242073187
-0.06263767088292375,0.26488253214323193
-0.13774867867661184,-0.05326424951187192
-0.19416355102123012,-0.041594839234018174
-0.051046856683873605,-0.20146182603017065
0.19338003426677686,-0.05515056046062768
0.23179806809438794,-0.18583657834453846
0.3333879878521521,-0.12441916448084847
-0.09589629883368186,-0.17035431156574243
0.024425921994317475,0.27234357735417175
-0.029108426660377964,-0.15972397920726705
-0.06242436326400973,-0.14767591917507603
-0.08960435800909752,-0.26173439219139877
0.15345927194788836,-0.2553787004082728
0.3450775053046273,-0.13662881864113696
0.10873038875052249,-0.28868359869337357
0.22001759015351127,0.18381809668841792
-0.08564603315520572,0.2106863132061391
0.11505422429789633,0.2537666313054243
0.04530826524467562,-0.15336607433620572
-0.004599660081818585,-0.2585581159566285
0.15746041036218483,0.1304022052907832
-0.19344768997756898,-0.0414079586998471
-0.011596000776685425,0.0992421417361332
0.15961513682143907,0.07638080079770085
-0.08369730430321384,-0.2433894567001737
0.06171812626258995,-0.25719635849808103
0.07856870727675545,-0.3247110073759861
-0.1941771194514343,-0.0412630707744736
0.3874123465214082,0.235351336051957
-0.16481903833791706,0.13210281169992502
0.16731071776675002,-0.14062663666748879
0.004992946897331516,-0.2233794826851996
-0.039567038228102015,-0.2211071118257146
-0.07713779531996928,0.18057240723596493
0.0671595647998192,-0.2194859254767912
0.08250380614740684,0.3394266406285272
-0.18634319876520772,-0.07198808938900265
-0.05666079137333782,-0.2753338909624381
-0.18635298591855134,0.10024150964206864
-0.1459199739935901,0.14916245085167332
0.17837389878426171,-0.11653251118805993
0.20437199459943178,-0.27188645575694464
0.2200458760781863,0.27872059150456086
0.15472116857389018,-0.34618561848605756
-0.19025108887358833,-0.04503685775735641
-0.10926541621736467,-0.052777681708151836
0.1491847767183073,0.05277851900342274
-0.047953347608259325,0.3381233971862127
0.015927731963300877,-0.2601583475940898
-0.2109406796546976,0.0771659290695125
0.11652432873419714,-0.1544543893338805
-0.19694413204848288,-0.04020614615857024
-0.18314100829304084,-0.05735153995036686
-0.202614458776765,-0.04102021955305973
-0.1453072236807691,-0.10134164220013944
0.0006519955013875285,-0.12696792292955641
-0.1727683584871907,-0.1309104358604962
-0.1934592606205672,-0.0414121335162787
-0.19665857398510325,-0.04224583662609694
-0.18358243117971956,0.11532255797101185
-0.1832557333900977,-0.04823065164832305
-0.19330754331123573,-0.04270900786434232
0.32227982064464805,-0.3612665523739464
0.209301305726066,-0.29050162785553235
0.08443457856962132,-0.12463055373569984
-0.21989263643319001,-0.047538489706827364
0.3149730490318036,0.054535170883104396
0.013728466115717701,-0.2374777851287742
0.28076637033062984,-0.20947943518334927
0.40577791581232797,-0.40975637575670737
-0.19360996432331334,-0.041450207638393737
-0.17151615960466246,-0.08824909521556128
-0.1806692256871472,-0.0333423647861096
-0.15910405097418973,-0.038466822616057515
0.31537967536411704,-0.36834213288279594
-0.11702708167549679,-0.2195536620988999
0.3129847903925177,-0.011321480714969433
0.4477677903107705,0.02328986449569226
0.3471541761780847,-0.25083883873033763
0.3266899577253679,0.13309821148690898
-0.08563384956839731,-0.2595927678147323
-0.18940627934655396,-0.04162373144784979
-0.18040319948685218,-0.12233765564300356
-0.1821444799658382,-0.06663242620056001
-0.15731125022379183,-0.12976758697365734
0.1178473767548591,0.3623913645984237
0.14409474353880786,-0.0017651026893482863
0.03290903377133914,-0.24809433231839342
-0.11962930280220871,-0.18678340029553672
-0.12625434992542162,0.20831602152118484
-0.19205715893672584,-0.060183311131834595
0.162022092229491,-0.3413412483328108
0.3678362606428746,0.316770118355486
0.2780839795407283,-0.06713969176269732
0.2443413953353199,-0.14536108452583343
0.34045606687775315,-0.2544133477905384
0.10489687022342432,0.13802045004899288
0.012356725745611908,-0.13006152743826827
-0.02492530004947139,0.18326236559090275
0.3152065502308671,-0.4259722944163315
-0.1935736607841226,-0.04173674591712357
-0.19251093384519086,-0.07885763261686703
-0.08064210078044116,-0.02759588795580931
0.07990578198260287,-0.17549774418212305
0.12311785978506272,-0.3332483061367707
-0.14629657455896866,-0.14090363733865477
-0.19499941472260435,-0.07886710554452041
-0.1953106368405674,-0.04115592874350979
0.28814258607422966,0.20757157982170146
0.2645330125757312,-0.2434882753257724
0.14775317485090173,0.28670806995659115
0.09150748193518513,-0.18112531546961075
-0.2819988575090788,-0.02405738147312503
0.32313783979765126,-0.3789442033771601
0.2696363980226178,-0.3501349163604107
-0.12014474531429109,-0.1158102848794735
0.08186123682833232,-0.18585389534152447
-0.19370890774911836,-0.04130664449302812
0.2845693705120775,-0.2242602682432682
-0.14132960181461784,0.1921364043507872
-0.23658190835345563,-0.052214613677737505
-0.16827830488228587,-0.0315869602543353
0.1473580624425951,-0.30743488517402223
0.14568911631453052,0.018867471038145008
0.1892381098909137,0.3859469687984902
-0.16928581916199884,0.07440117558825639
-0.07555158498745113,0.06396100266410117
0.12608077455395272,-0.1084193110385959
-0.19362955270895696,-0.04145556065212651
-0.2352630174814056,-0.05042568687213429
-0.07049187968594849,0.3410998605998456
-0.017234699550932993,-0.22841452067884785
-0.19567092997554258,-0.04191507625757469
-0.17240308315826705,-0.03334768105776832
0.3544890799319499,0.002096161923796729
0.32203966834916536,0.18069871263628084
-0.17732866223121166,-0.005199217933799198
-0.19731417277742797,-0.04248606165157628
0.40037633550046897,-0.14063749593532543
0.2699370887049541,-0.1469208074033539
-0.11214352005084112,0.09461976900330132
0.13091580560526456,0.35480518729095917
-0.2663454446638131,-0.03973259648810094
0.43826484521423575,0.11079790847080677
0.003930232210503058,0.2428263845469892
-0.09485173770367147,-0.055687018636997626
-0.023668024073726104,0.01601682250294652
-0.14391497486923882,-0.09807053189133116
0.21765035877122046,0.17101944868578786
-0.20143400302306722,0.12963877979781396
0.014507307126625908,0.03411924001239829
0.028166596481103038,0.03156873860842659
-0.16600466697099472,-0.13688544255145998
-0.033251427103179486,-0.17085220744877383
0.09370819488144057,0.06043574592863306
0.01803573221366491,-0.17096487021274945
0.18207789559324158,-0.10911528028593949
0.30857317059174255,0.38428565362783806
0.22955275433367267,-0.02327993882454753
0.4376027967074858,0.17042285314536995
0.3462686186593806,-0.10177018502953517
0.15767534795691118,0.01965328658093984
0.33790782820594123,-0.2776796214808145
0.05040692169235114,-0.2678526049354822
-0.18349671602152423,-0.03490182878138383
0.05305407270733653,-0.06505930206720456
0.2904377490580512,-0.1776446034646997
0.046011193069452214,0.041974966547652814
0.1766528279816603,-0.17627174560379436
-0.02105997749030075,-0.3206041397465192
0.05160804772543223,-0.29336350548226026
0.1330354669272345,0.4358824690100549
-0.23669150147385912,-0.038751541166777606
-0.20753983955874106,-0.031613693981569685
0.07428902326374331,-0.3760439272106621
0.35066788317470277,0.2663345747105259
0.010868104451291974,-0.24381191339632777
0.23802953841070107,-0.3374227613012071
0.11931940482645287,0.007140038291274901
0.09255080425601928,-0.2986591245313916
0.3816108969999033,-0.34082671443807355
0.39684543793749155,-0.3166873203543258
0.2682230494354408,0.19301143143920405
0.3734535776022849,-0.30290806535981263
0.24109234444951627,-0.3373068343133177
-0.25058071843437424,-0.05572605102793775
0.0576384900210745,-0.05026002349843292
-0.018325571162520905,0.42072615026228
0.047717702795878066,-0.13864123636565595
0.4265482017812857,0.019861361654732068
0.20737525962821785,0.3233552961967148
0.1367560302543357,-0.27194169233827215
0.23091016260412256,-0.20969851044706553
0.0030981197280152504,0.2326778190844637
-0.03981064167432722,-0.31175852732213966
0.2371004698246044,0.07749933039357862
0.33229716969717893,0.03161039527618146
-0.25293157565846425,-0.006431909719616039
-0.03423920264728628,-0.2660709545303549
0.19312718710581914,-0.1680653979178246
0.39647816521202234,-0.15165658407944085
-0.23961654693503842,-0.011788703191869386
0.437576122597218,-0.21455915401829678
0.3920162689366532,0.06216689428877403
0.2802987532601011,0.14266068983050736
-0.07304391590635201,0.3450487182918154
0.3627013044496822,-0.23843074962944602
-0.1254177520938599,0.009105912904772208
-0.21586958836354667,0.029843933919397894
-0.19623405735986962,0.060016555569722865
0.16477867747936295,0.12808496990698562
0.2803826035030549,-0.012148023302903448
-0.19632264131744873,-0.04209706217534325
-0.09643378395393204,0.057001069684561485
-0.10823636377284723,0.30399269811373886
-0.13139118670705086,-0.008699000184166573
-0.16007388403771453,-0.0946904492643303
0.5754621010339789,-0.060739008700287235
0.1387139731160715,-0.16044615482245153
-0.18554934158420566,-0.060289419312679275
-0.09794069431420435,-0.016203385286346877
0.14400772702812653,-0.21877087101385134
0.1121986650508395,-0.36214872944055815
0.10224304293924176,-0.11302095332946882
-0.19000076716589823,-0.0392018826085742
-0.19643178779680165,-0.04218657038268333
-0.007241166162247638,-0.10010195865012324
0.16923725336613796,0.24437272883509495
-0.20994669636172666,-0.047105782227536315
-0.19832182989059408,-0.04260381141370714
0.03270701280325551,0.22122520090769623
-0.12185332533951328,0.16079189710202665
-0.18592675648891455,-0.04961269994579573
-0.057802760605899395,0.25862048785889996
0.23948979184881325,0.38976277914726
-0.17476194104593912,0.012468267232216326
-0.07847216341456881,-0.07216689097987254
-0.2618959583662391,0.0010783081209300269
0.21724317717239383,0.008760208213331826
-0.1295041758118461,0.05136065257575299
-0.2598173216611482,-0.039267253603424875
-0.18413045290230176,-0.013815181117293667
0.13735809475085614,0.12129572899329585
-0.15380529248771796,-0.061636578511577125
0.4072421749425842,-0.13729531482923762
-0.0955816501201886,0.1556181606281151
0.2737114789564701,0.2055186178475862
-0.17244928433650622,0.06664946070856588
-0.1327861656216661,0.16279591552267916
-0.19473612644103583,-0.03668769755960112
0.07405973233375182,-0.2144398281905589
-0.2502041098162111,-0.054335002239475176
0.36140527058889105,0.10686045490229865
0.32727393142351935,-0.03707613680985234
-0.2503864141449577,-0.041693090451865214
-0.20653006318381484,0.02154124856317874
-0.23991236904039479,0.013448638153177737
-7.84896597538044e-05,0.12754291177584678
-0.1461254861933982,-0.049932742539544786
-0.17909434488086037,0.11552188635561772
-0.20927625974630823,0.06540209350374537
-0.25981282568016273,-0.05728197505300858
-0.2408594517541378,0.04458467516580828
-0.1949621815624699,0.04609073124533616
-0.19643256331312978,-0.04217974121918545
-0.2044357201451594,-0.04284341356707514
-0.2679447351345287,-0.0481258913975512
-0.19299697944235275,0.07258396360622507
-0.27438266816828166,-0.04629141147181444
-0.2069414206491538,-0.03940797998743767
0.015545536349570102,0.3784663559099202
-0.13621234683216132,0.26109419795268424
0.41095373671842556,-0.02666038581003743
-0.26554162962044536,-0.03899241764566775
0.19655829437852632,0.350330425584453
-0.18880257498477915,-0.04439635741622622
-0.19991084360323744,0.17647120130888627
-0.2254048661461463,-0.042854142185857806
-0.2333297681060868,-0.05096216701060925
-0.26506620617053805,-0.030785916578068624
-0.23010601559006366,-0.02074442783493029
-0.22243671122649875,-0.04600644747332864
0.3238961361503002,0.31473662253594714
-0.21775629682497458,-0.04502929028845306
0.03145293095809078,-0.12134898682259734
0.04899760768065628,0.3359605034518182
0.1379729148956297,0.0314460217357763
0.019940592970420508,-0.05419573039981576
-0.07556330099832696,0.14580021213551153
-0.1934780855564217,-0.04170652123602265
-0.11989398729056484,0.2291769470706557
-0.24675344175727057,-0.0461606307953502
-0.2070682865740243,0.06465056657575693
-0.1731680170825585,-0.019132494384042645
0.4552713067510499,-0.05385485321759314
-0.19411540400755004,-0.04156260423150863
-0.25023079433756384,-0.005087809206410513
-0.17976982173454736,-0.08152069277964302
0.09761661985885599,0.13841711603512738
0.045723225022580236,-0.16257441241891868
-0.15789695264063047,-0.07877565183022342
0.19216964135370285,0.5082269652529677
-0.1648538460976313,0.032238961917473
0.056088658822416856,0.2800389256057317
-0.26240606331182315,-0.04278909840601225
-0.19902192567468863,-0.04227491451359503
-0.19673762062390526,-0.048468231479749734
0.3886956823987678,-0.04479663310760644
0.29486534187181096,0.18335864216994172
0.1989969802192946,-0.10028598023034645
-0.006104216884188447,0.13391763732636722
0.2473428342932956,-0.1116848079799732
-0.20657898017567713,0.005727977783472061
-0.2674302106979282,-0.024881049458306558
0.11831951352740419,-0.09025031713166448
0.06899746692707197,0.07844443625945342
-0.20967928357671017,-0.022734145920122992
-0.165154487511349,-0.032091141069231686
0.19821949919051532,-0.27534168210347576
-0.10838833995337695,0.2873257439970326
-0.20241698197399832,-0.04455979937344263
-0.1967024632217843,-0.0417009978500462
-0.046119738154674766,0.0702940984588441
-0.19347587589040818,-0.04139053895497341
-0.1425605813118394,0.01094443779111394
0.05038659471470804,-0.368206767777842
-0.06908171971152481,0.016516189690591845
-0.20352431274244473,-0.04784876702143724
0.22502163295701288,0.1859025023549932
-0.14159070106857527,0.3664470488117736
0.09974923715431268,0.06341284525811469
0.020516666207485483,0.41749936481477823
-0.22526660412348087,0.0790235483083493
-0.25603288884355996,-0.02898900096920436
0.16170034137612238,0.24124782395283242
-0.16057048232601887,-0.019927438221235844
-0.19489023311186277,-0.04178449263329629
0.1795863719508601,-0.18795332271888404
-0.10631448562465143,-0.0034266498330256727
-0.022307960839442857,-0.24326365153445262
0.29626712816876466,-0.025189448452051993
0.057165010998420356,0.31330668569060727
-0.21024787397984643,-0.048072866265930776
-0.0498799739953802,0.22691791634450076
-0.1692909040877889,-0.17110030048781213
-0.23028007449225119,-0.020845983451813634
-0.18073846056550644,-0.09763694488093665
-0.09973768703637369,-0.01360595950764079
0.15125759694384594,-0.24751826889644923
0.26525869814795705,0.11945887397056985
-0.20452874716714003,-0.030077629415892447
-0.2046240912283364,-0.029906993449795468
0.05038659471470802,-0.368206767777842
0.12776218986997673,0.42707354086812754
0.5064165692205097,0.23532104637605628
0.024049909569803393,0.13180523721177537
0.09034402172314304,0.28643297166312304
-0.24202045451129917,-0.04593144379585739
-0.1741554247749538,0.0014646974946303894
-0.21747517442566305,-0.037914239946704
-0.17720862873292406,0.02483706377150972
-0.19619461591386275,-0.0414745375495669
0.2941466663113974,0.18251303118733816
0.16595069560089062,0.07490966582633041
-0.20942874678054899,-0.03442888602505581
0.15973158730148726,0.37588907401373706
-0.07721150691836573,0.12862464251824607
-0.09315830555420092,-0.1041733285031936
-0.25532459574556776,-0.044412235632368784
0.10002263329066144,0.507493228635719
-0.22953421959940776,-0.049743299549897396
0.069813994752156,0.17589212029115056
0.2851988659904163,0.24122023318287522
0.02227136992776668,-0.2605038918407314
-0.10013033386627901,-0.13519944288101426
-0.25289625233875257,-0.04703902110271546
0.054762679584144984,0.06921259065103975
-0.020328763215710356,0.050189101432031216
-0.1890760453282628,-0.06494976391613949
-0.15443136706199165,0.11013534136469387
0.3576359490138536,-0.03442178734723895
0.1417304583287184,0.1799839108052137
-0.21592644962795426,-0.04658292418721637
0.1397724981745014,-0.19064632642438473
-0.14557256932742654,-0.12805608788053413
-0.18943002064479378,-0.01913286114584435
-0.19407514163246284,-0.04157503862324319
-0.19484449220244535,-0.04151331295545595
-0.14578747109279622,0.05685384371722755
0.2962050425724657,-0.2771762221671162
-0.19616043626823046,0.06962903398638964
0.025999685664367833,-0.27733034032041737
-0.18123198548630717,-0.07300453154695873
-0.2008893638219763,-0.046185594567859214
0.21065453363190137,-0.30517500377308737
-0.08502366509136368,0.009811430959062888
-0.20628932169036543,-0.034145141823870025
-0.15763501201343644,0.19564823854935368
0.0542676150597073,-0.254697769381251
-0.21567800332663176,-0.046959357300854654
-0.16326128910480675,-0.07719204587272374
-0.2019678770113542,-0.04320885209690963
0.1500473014905148,0.036648861915580457
-0.17019831584236605,0.023301661808192358
-0.2016898732162387,0.013982803188919452
-0.11775827466748902,-0.015319612678739391
0.2040000991558092,-0.06757247781093845
-0.10786281284931266,0.009224214965359178
0.35674409430484727,-0.1009416332101461
-0.1710408820393216,-0.0517126634913166
-0.19378732358521317,-0.04148550431010803
-0.1797258212322253,-0.029299179962315125
-0.12064844000309653,-0.027805187754715913
-0.06566425441412693,-0.008015269931474243
-0.22970578578249937,-0.04966945863978062
0.16119898193956878,0.10331205510350683
-0.1950304809551827,-0.04165158207626349
0.3422214128372708,0.059668756580385215
-0.21955358876155742,-0.02942047463680127
0.2996379769192453,-0.30823577313840184
-0.20724568960993667,0.019321533975187807
-0.12838697963194573,-0.0002392846843084689
-0.14721385476589266,0.062049596527113594
-0.009257281380606918,0.24025585299810814
-0.2549644262701157,-0.028413849867699903
-0.19796292204574675,-0.04092751906962229
0.28678228655731386,-0.059730567513238894
-0.17379946036866836,0.04743882096557268
-0.18766152733086872,0.21911772139679966
-0.21469064485355704,-0.018435168456029185
-0.1665190491883528,-0.0602542166058161
0.3925129725701119,0.23842716303069497
-0.16860120897720568,0.016343034317050833
0.09334099446582686,-0.15708113256202375
0.28288982455540285,-0.20576989639026286
-0.19404132719507455,-0.047434287126018625
0.02246440280100055,-0.22379634771094517
-0.19375446735554672,-0.04149189625109057
0.22752794052503908,-0.1331448095267319
-0.041219800716186764,0.17329912621392946
-0.271346077336627,-0.03974502639306491
-0.1800873788486822,0.00810944005370787
-0.19388762334658452,-0.04145972511030559
-0.19537181033272247,-0.04121016995816782
-0.18132239484114765,-0.014777919469586604
-0.23567157480210818,-0.05147141011224702
-0.1944011752108845,-0.04168721874196558
-0.16156050551941922,-0.06280038569336722
-0.19382099254723958,-0.041545426783474886
-0.03169396466324649,-0.24436716866021427
0.14255537537774496,0.39472374212908734
-0.074819216698922,0.0914497067541417
-0.06279817552443108,0.08784434211804804
0.18705058402241678,0.5699759429536921
0.36905210131239163,-0.016204614453479742
-0.1934966271036725,-0.040437784646017674
-0.1956856196298072,-0.04000632701434452
-0.17214402080612726,-0.11162828621048737
-0.14596521520833783,0.005677263824228472
0.17228342133815017,0.27613923248173916
-0.21082743784975788,-0.023192853313081022
-0.21829317073952326,-0.031204000449994364
0.12346253492924067,0.14374373706265992
-0.11082843908125874,0.05484987196659048
-0.2815625473704201,-0.02785749291193235
0.08736059953621471,0.4826365046594312
-0.18241136299264044,-0.011362393576389726
0.016929655462625627,0.19784456942331088
-0.20397714085202284,-0.03255931972976736
-0.06921256339523445,-0.12238565541284538
-0.17326812559683688,-0.07058476848404645
-0.18883070213035982,0.02223020506498442
-0.06989951752723353,0.03266816442247697
-0.1955135500174491,-0.018793918776112754
-0.2714037815075324,-0.015408537200431432
-0.14688583134852015,0.031460723148940745
-0.2026134470829749,0.00455814149164945
-0.06511324266802919,0.012380872660989585
-0.19725153776638576,0.016798848936026605
0.14978387715722769,-0.04323751750161001
-0.18180176682330682,0.16476869374917064
-0.20063956804752356,-0.04065409294266745
-0.1998869908404442,-0.03643565550020441
-0.06681364043784865,0.05161219104317594
-0.07125970550899977,0.11655724909313224
0.023062697817728035,0.16729693372447738
0.3576551574690132,0.16767993773651985
-0.19348679215763864,-0.041424615340687476
-0.1902573654011336,-0.038605122930013266
-0.19238442227931415,-0.044702163147674175
-0.0043126309278291195,0.4274344215410058
-0.033992851405944643,0.3749808191245321
0.35932070479573386,0.3861339735689151
-0.03710283001882429,0.23127103009691397
-0.0021976433278414497,-0.12894356416783634
0.2033088239757714,0.23498421917980486
-0.23343999472123014,-0.051206721400723805
-0.1581245121179229,-0.08826418076805508
-0.11232235929615324,0.21602335111642582
0.34801817984377054,-0.2618839087757337
-0.2101518346708101,-0.045559762987072094
0.3022987143628707,-0.10851213483082287
-0.010280349717964491,0.2877122219834691
0.10541019427865028,-0.12046774161742328
-0.1695023408106697,0.12556175680592957
-0.1940474869453476,-0.041444337701578765
-0.1788570404522581,0.2829249485541632
-0.11306070938676518,0.1271320391227266
-0.19194517551249946,-0.04516140820920607
0.04612013466616713,0.3152007218866254
-0.00990772588516142,0.27629886211921295
-0.19987564678914674,-0.03973075537889037
-0.1939881567314889,-0.04154901199743756
-0.16278566893821073,0.022088958898758244
-0.22883642886040023,-0.016690296960841764
-0.0799357056322606,0.012880014657373661
-0.11466878740950477,0.008401624963214407
-0.10173196941601428,0.19827865884750645
0.06036229277739206,0.06590954128238803
-0.27983420594038955,-0.006667979626622004
0.08626518302078565,0.3587947419725196
-0.2030067622300924,-0.03238285186627687
-0.11698184848719788,0.1950908967670194
-0.03145631532075096,0.24392874100438844
-0.2270323378715664,-0.04834978534812864
0.070972373227434,0.3464712706501397
-0.19802834682068324,-0.04716665114305057
-0.17253420731030847,-0.024365031193000194
-0.25909545239067316,-0.04726610115609014
-0.20508641326411314,-0.004881212883935988
-0.25689977666015984,-0.036826576596524704
-0.19676031251036497,-0.04224037399793601
0.28398816835007523,0.06781097521889204
-0.23628423123534478,0.014586578793830345
0.21393317310844334,0.012261994739132065
-0.26397233107730944,-0.033471664677798545
0.23440333964617385,0.1911256515227865
0.07927362978806618,0.27290051038706353
-0.26527869165587176,-0.047171943467253674
0.01407845450575382,0.19579738751146042
0.12550823105737863,-0.10331966899013367
0.3066380962357895,0.37403268165873643
-0.064335230230682,-0.07812195085248538
0.16315927748956502,-0.28950013409133385
-0.23706422076882996,-0.04748936955177948
0.025777929989703775,-0.26771055070340694
-0.0635168966555416,0.003914316224611111
-0.22015771858006333,-0.03580554532090419
-0.200499387536364,0.034076287858510045
-0.21398691059905506,-0.011597141370902533
-0.21901367585568612,-0.042096401527286414
0.06430017094509634,0.351642102207451
-0.11286423098819343,-0.10839437160364779
-0.11286423098819343,-0.10839437160364779
-0.09428548427483222,0.19820984333677227
-0.19217693599050079,0.2616973091442279
0.2019775235338769,-0.07885973572505281
-0.16469641879748761,-0.09106771364548491
-0.27742251377922544,-0.03298858494833598
0.10710482416303634,-0.39192028310002713
-0.15200715064212433,0.0715598173525365
-0.01648466837851012,0.0037077439039433333
0.10667044608672435,-0.026827296879552997
-0.19591695474891174,-0.04205235771409472
0.08918303573519643,-0.11849784288685267
-0.1527725736497631,-0.1508599653354844
0.14904556563205196,0.3527216473927427
-0.13342834858923577,0.03356415370418344
-0.10057716207005761,0.11461348410282325
-0.19364488641093594,-0.04149825918631702
0.20438927947011667,0.47565222776591853
0.14144674703944765,0.35256361573737066
-0.006214738027768423,-0.1691176851793969
0.4114661388394638,-0.12002641980373713
-0.24370897134249495,0.023113841113067017
-0.13542938390626977,-0.08846292981421368
-0.20048340145205681,-0.039028395854780275
-0.22667688882179193,-0.03770914879100293
-0.06292525071820104,0.05056696148945715
-0.1981370905359777,-0.039799457585985715
-0.024306171087992993,0.40472380320475826
-0.19345117732676473,-0.04140886586188601
0.01339483946285392,0.04320715784860464
-0.22649605927459024,-0.01923830239880186
-0.26455004487602796,-0.03075138347136788
0.2444173824335882,0.27125187724326816
-0.028061242224318713,0.260874194903811
0.11003627958769671,-0.24396416552453717
-0.19339293210474137,0.00654398564132196
0.041968806126019796,0.262606133788309
0.2464293001077381,0.1710496189928105
-0.19883237219283323,-0.04170467417597125
-0.2059723827908285,0.07644268368436186
-0.19302208968464873,-0.040240907006031716
-0.06443912878464336,0.025788678954054803
0.20194738393318545,0.4936112585089699
-0.07877938811274028,-0.06589036580018306
0.1740844408942917,-0.00328595074361619
-0.17021005968389202,-0.04213519022458778
-0.21381419286797473,-0.04575268276600259
-0.1965676102810031,-0.04413387777487355
-0.18865378511519734,-0.06104538794170019
0.1264461765822122,-0.16180127577423012
0.013202436156301888,0.0227237826757629
-0.20245049421023475,-0.04231094188776012
0.23607142407500212,0.031059310512784027
-0.055506660436644,0.3494895084015924
0.2820079210309976,0.3098931001157542
0.11086201906550845,-0.10412251151036396
-0.0680657362526711,0.15085922479500197
0.4662603500474113,0.20168160887604278
-0.13751007422472927,-0.0015874324737914815
0.004140121227949612,-0.03271385593995549
-0.12737315894212708,-0.062033902792698985
-0.20798193689611677,0.08124456527736629
-0.18455598961964775,0.008038499583833845
-0.17068967191366857,-0.002480018922814576
0.08863651351725768,-0.06391543616057377
0.09310863401948453,0.25564312966492925
-0.1989800350566095,0.005248884852090906
0.32243037413038217,0.34645841238587444
0.18280761092835515,-0.3233221629474487
-0.18171130609218614,0.0056380853996022854
-0.20418080052825435,-0.04161240407813966
-0.015448347770528675,-0.16349764691909185
-0.19360090813759653,-0.04145946971339616
-0.1624644427742597,-0.08394796761339307
0.0922290205440499,-0.23754719997488138
-0.22918068688885335,-0.013317109846077795
0.011250363566148922,0.0729181084685749
-0.19240884507534856,-0.028214716280285653
0.3327898985818455,0.17152475682596732
-0.04867667629929455,0.35879294936404976
-0.23972065414879487,-0.05270181172233196
-0.05315718418537499,0.010820294461175493
-0.17974146591730644,-0.0939753138853118
0.031208140660380274,-0.14181456815773333
-0.029110669444322647,0.3311987220538481
-0.19835987585612652,-0.021031222770323658
0.22771408860532047,0.12297268028623196
0.408435402640661,-0.06389929456325644
0.3121984195847988,0.022362900756785216
-0.19000703514619025,-0.025903529082323472
-0.17992259401860505,-0.03247879332066577
0.29945644911427344,-0.0828836053715791
-0.20396486328257366,-0.024572610217137646
-0.10835516505200857,-0.014334707177307652
-0.18787741821349713,-0.03183406126685367
-0.21485937981699135,0.03744252673405779
0.008771367055061777,0.30147255160216546
0.33358907793153386,-0.19943197965712417
-0.20044320949736344,0.02336036786823385
-0.2470318912916649,-0.035991279277829816
0.21691386209661698,0.06215623138826667
-0.20918409502441238,-0.005286546046806786
-0.20773605879552368,-0.018886419712433083
-0.08642202115687908,-0.08954047995734137
-0.1645172025244703,0.12233282703895941
-0.260121536850364,-0.03849749780190091
-0.11356583004269874,0.261821393862109
0.28069795680367865,0.31275341260773815
-0.24322060423146127,-0.0385059184003867
0.372085776647572,-0.006480220703282118
-0.09913312953517113,0.03738108558599627
-0.008423162068379654,0.17460652797748422
-0.13531015559009146,0.0423363907796455
-0.19997268529473947,-0.04303717600529691
-0.2593794544391414,-0.057003692786291534
0.11937735427714749,-0.19918435202008833
-0.1934476900037478,-0.041407958706677434
-0.13900521045833927,0.05453845818265363
-0.2340688929081479,-0.0516794368745341
-0.17981785756648747,0.02487681249630742
-0.2225327108533054,-0.032791358710100825
-0.19367812161313042,-0.04145850893153681
-0.169068974847106,-0.0726654099124
-0.19623324529417582,-0.03954024472664876
-0.003255587502167861,-0.2717360793771018
-0.19297474889605118,-0.11768074499752039
-0.08523288986972646,0.016341139795045274
-0.07630984897747835,-0.2781812671531708
-0.05151713854043942,0.18424223574070608
0.17899551297822486,-0.3203868501470767
0.06311358877002204,0.33993129329042693
0.4936457422851595,-0.22448428641124502
-0.11679854208288007,0.15497842386340208
0.10393692251208038,0.20432684521559633
-0.17706837098794,-0.03858762218588804
0.12027221954545109,-0.27060406774172713
0.2554651800644947,0.026832792604250907
0.07368593128994456,0.34016370764996645
-0.16695416533989346,-0.034209917145424505
0.13091580560526458,0.35480518729095917
0.0576384900210745,-0.0502600234984329
0.07248815664811885,-0.06938391641384893
0.191920827921463,-0.15063199707935818
0.3194712481504485,0.21884921492696677
-0.1513046953292463,-0.03082748931943536
-0.07741238951279027,0.07119315526193651
0.07805092217444293,-0.21614185587380144
0.03718605519826249,0.06317096720620045
-0.03242521259654811,0.2551444035708817
0.12498080671002869,-0.13674866415610254
-0.04596632550838018,-0.20281845602368592
0.2612813483797765,-0.21053105545813264
-0.022889383347524463,-0.31919745958278506
-0.15986252550024435,0.023303673606231742
0.23800768515194445,-0.06325304196288939
0.006495177752716256,-0.023282775570307168
-0.1762796477416144,-0.046223576327719576
0.2754279608935933,-0.19383555148440684
-0.14292753266314745,-0.1415225993339751
0.17045963251063617,-0.005593378788691612
-0.19581238324568662,-0.04176938963690188
-0.1750531352748686,-0.05274507380581404
-0.013698355586558209,-0.005247377735346688
0.03715726186134394,-0.2742695462239897
-0.19612895324249618,-0.042109916970703695
-0.07416629684452972,-0.12670412823460236
-0.25946339646291544,-0.03507165030307566
0.03670735582368922,-0.07547042971836372
-0.1818957143435231,-0.044920449634715594
-0.08925364075575899,-0.11236583200043522
-0.14631361349002464,-0.19468142067872174
-0.15715883278085105,-0.04614511150101218
-0.06230109224647998,-0.21070988542136407
0.2503571319030011,-0.048537687989156
0.37512058157951594,0.03818069840012754
-0.1989033616215932,0.18761561803790178
-0.19373856849863333,-0.041489833408514705
0.25057741373326436,-0.09851043128959552
0.23832365737490455,-0.40749982288584957
-0.1526595801070413,-0.15067672782551428
-0.1379362303768816,0.03957207073979748
-0.04768036283076803,-0.0661777924919816
0.28376853864929286,0.17958009926415316
0.01682410213069213,-0.20426072572222465
-0.19807765923712906,-0.03935723272372416
0.4894683706237507,0.18244467370704487
-0.009151800173735389,-0.193474043296484
0.452923415317604,0.04124752991010314
0.24945703079125134,0.005577386192023864
0.3426566921664157,-0.2519849113016015
0.10361362400327,0.07421739869083036
0.27611507679195013,-0.2636824429903338
0.1351851777193852,0.30581413486803166
0.35969000287513486,0.09221341155018675
0.12475224506644393,-0.40773368040466007
0.23079045571250523,-0.3202999422253879
0.11739452364670497,-0.3764757876228097
0.19245906102132104,-0.18635473466467237
-0.183848054628568,0.022438695429915303
0.08672048387216871,0.098899626596164
0.47029237491788173,-0.02012907766434082
0.10861941024115723,0.16202683239638374
0.3798433642637197,0.11885113767773672
0.09245597040455272,-0.05615172778884623
-0.07493770294653282,-0.2647887549509343
0.38658795050656275,0.20374047357559585
-0.017256894863542097,-0.2634880607893744
0.05703328570719075,-0.15578117517421627
-0.22102669773397718,-0.04475880470827123
-0.19661230897529036,-0.04160142942774835
-0.042772290372227954,-0.09418942207160706
-0.15366502939692953,0.26594927536492025
-0.1862499053676448,-0.041363907579456086
0.4458984149831189,-0.050252263526468284
0.11656387569640075,-0.2955335116415693
-0.14900211279686498,0.047415036916314546
-0.18679622548557812,-0.005549350069346984
0.5097780653571072,0.4201791334713709
0.09153631583760487,-0.34914941091976953
0.14517766072354935,-0.33142418338674723
0.1731020131904113,-0.23679575673615227
0.1934757128346792,-0.2064204325082834
-0.21129871010461113,-0.06265304799554697
-0.1942565450083105,-0.04161919334260814
-0.08498568614845364,0.22818738011769696
0.29724279127016434,-0.10034696496281162
-0.031143019122923558,0.1821854089265837
0.07357106093876431,-0.07943685818922065
0.21618963040566902,-0.43931619264156796
-0.008633041759838245,0.14944043129581544
0.42682739799888025,0.015886651790930663
0.0010331664283093143,-0.27721268365246643
-0.17739765820297615,-0.05737927198266066
0.43559298071884195,-0.10417984756733134
-0.16813454085327983,0.012287344962794114
0.36178472602710493,0.2872823614572924
-0.008022332361461385,0.0445656846298998
-0.13163094837634032,0.20778155768839313
-0.23271958225445852,-0.049949403085798476
-0.13797164909833595,-0.01574189045043833
-0.19616988849086872,-0.07912956461832113
-0.1668619572688256,-0.04736593512319261
-0.17937606333480008,0.06029908774745865
-0.014114981350586413,-0.17256314596723016
-0.19969762197408547,-0.07626414199665107
0.010909227762410047,-0.19600666000798925
-0.20261269956535852,-0.037108036401778254
